{"stats":{"minecraft:mined":{"minecraft:dark_oak_planks":9,"minecraft:crying_obsidian":1,"minecraft:spruce_planks":1,"minecraft:dark_oak_log":1,"minecraft:obsidian":1,"minecraft:grass_block":10,"ecologics:coconut_leaves":1,"minecraft:spruce_leaves":4,"minecraft:large_fern":1,"immersive_weathering:biomesoplenty/fir_leaf_pile":1,"biomesoplenty:toadstool":1,"treechop:chopped_log":5,"minecraft:stripped_dark_oak_wood":3,"minecraft:spruce_wood":1,"minecraft:stone":13,"minecraft:green_bed":1,"biomesoplenty:willow_leaves":1,"immersive_weathering:spruce_leaf_pile":2,"projectvibrantjourneys:twigs":2,"immersive_weathering:biomesoplenty/willow_leaf_pile":1,"minecraft:sugar_cane":2,"minecraft:orange_carpet":1,"minecraft:purple_bed":3,"minecraft:birch_planks":13,"minecraft:coarse_dirt":1,"ecologics:seashell":1,"minecraft:sweet_berry_bush":5,"minecraft:grass":8,"minecraft:coal_ore":3,"projectvibrantjourneys:short_grass":6,"biomesoplenty:fir_leaves":13,"minecraft:dirt":9,"minecraft:acacia_planks":22,"minecraft:fern":2},"minecraft:killed":{"minecraft:vindicator":5,"minecraft:spider":2,"minecraft:pillager":1,"minecraft:zombie":9},"minecraft:killed_by":{"minecraft:player":1,"minecraft:creeper":4,"minecraft:spider":1,"minecraft:pillager":2,"minecraft:vindicator":4,"minecraft:hoglin":1,"minecraft:skeleton":5,"minecraft:zombie":7},"minecraft:crafted":{"minecraft:diamond_leggings":1,"minecraft:stone_pickaxe":1,"minecraft:dark_oak_planks":8,"minecraft:diamond_sword":1,"minecraft:crafting_table":3,"minecraft:spruce_planks":44,"minecraft:wooden_pickaxe":2,"biomesoplenty:willow_planks":36,"biomesoplenty:fir_planks":124,"minecraft:diamond_pickaxe":1,"minecraft:stick":8,"minecraft:wooden_axe":2},"minecraft:dropped":{"minecraft:oak_log":27,"minecraft:crafting_table":1,"minecraft:cobblestone":64,"minecraft:leather":3,"minecraft:apple":1,"minecraft:elytra":1,"minecraft:coal":4,"minecraft:dirt":24,"minecraft:torch":62,"minecraft:diamond_helmet":1,"minecraft:iron_shovel":1,"immersive_weathering:permafrost":1,"projectvibrantjourneys:bark_mushroom":1,"minecraft:pink_tulip":1,"minecraft:bone":2,"minecraft:stone_axe":1,"minecraft:sweet_berries":12,"minecraft:raw_iron":11,"minecraft:stone_shovel":1,"minecraft:chicken":1,"minecraft:stone_slab":1,"minecraft:purple_bed":2,"minecraft:oak_sapling":1,"minecraft:spruce_log":7,"minecraft:arrow":4,"minecraft:wooden_pickaxe":1,"wardrobe:goat_fur":2},"minecraft:used":{"minecraft:acacia_log":1,"aquaculture:brown_trout":1,"minecraft:spruce_planks":5,"minecraft:iron_sword":35,"minecraft:rotten_flesh":7,"minecraft:iron_chestplate":2,"minecraft:dirt":25,"minecraft:diamond_helmet":2,"minecraft:obsidian":1,"aquaculture:rainbow_trout":1,"minecraft:wooden_axe":40,"minecraft:dark_oak_planks":16,"projectvibrantjourneys:fallen_leaves":1,"minecraft:iron_boots":1,"minecraft:sweet_berries":2,"supplementaries:ash":2,"ecologics:coconut_seedling":1,"minecraft:acacia_planks":18,"minecraft:birch_planks":12,"minecraft:oak_planks":2,"minecraft:wooden_pickaxe":13,"biomesoplenty:fir_planks":5,"minecraft:green_bed":3,"biomesoplenty:willow_sapling":1,"minecraft:orange_carpet":1,"minecraft:crafting_table":4,"minecraft:diamond_pickaxe":5,"minecraft:melon_slice":14,"minecraft:bread":8,"ecologics:coconut_slice":3,"minecraft:diamond_sword":26,"minecraft:cobblestone":2,"minecraft:purple_bed":1,"minecraft:cooked_porkchop":1,"minecraft:coarse_dirt":1,"minecraft:diamond_leggings":1},"minecraft:custom":{"minecraft:mob_kills":18,"minecraft:interact_with_crafting_table":14,"minecraft:open_barrel":11,"minecraft:damage_dealt_resisted":150,"minecraft:leave_game":7,"minecraft:time_since_death":9611,"minecraft:climb_one_cm":7484,"minecraft:sprint_one_cm":203711,"minecraft:walk_one_cm":464302,"minecraft:drop":30,"minecraft:talked_to_villager":10,"minecraft:play_time":193252,"minecraft:deaths":25,"minecraft:sneak_time":6724,"minecraft:walk_under_water_one_cm":8170,"minecraft:jump":2217,"minecraft:walk_on_water_one_cm":41387,"minecraft:total_world_time":193252,"minecraft:interact_with_furnace":2,"minecraft:sleep_in_bed":5,"minecraft:time_since_rest":9645,"minecraft:damage_taken":8758,"minecraft:damage_dealt":3851,"minecraft:swim_one_cm":46032,"minecraft:fly_one_cm":349519,"minecraft:open_chest":16,"minecraft:crouch_one_cm":17270,"minecraft:fall_one_cm":48393,"minecraft:inspect_dispenser":1},"minecraft:picked_up":{"minecraft:wooden_axe":3,"minecraft:coarse_dirt":1,"minecraft:crafting_table":2,"minecraft:iron_chestplate":7,"minecraft:chicken":1,"ecologics:seashell":1,"minecraft:stone_slab":1,"minecraft:diamond_sword":3,"minecraft:wooden_pickaxe":1,"minecraft:string":4,"minecraft:elytra":1,"minecraft:iron_shovel":1,"biomesoplenty:willow_planks":30,"minecraft:diamond_leggings":1,"minecraft:gold_nugget":52,"minecraft:spruce_planks":2,"minecraft:minecart":2,"minecraft:melon_slice":30,"minecraft:sugar_cane":5,"ecologics:crab_claw":1,"minecraft:iron_boots":3,"minecraft:stick":92,"minecraft:raw_iron":11,"ecologics:coconut_slice":6,"minecraft:acacia_log":1,"projectvibrantjourneys:bark_mushroom":2,"ecologics:coconut_seedling":2,"minecraft:torch":62,"minecraft:green_bed":4,"immersive_weathering:permafrost":1,"minecraft:dark_oak_planks":16,"minecraft:arrow":12,"minecraft:rotten_flesh":22,"minecraft:stone_shovel":1,"biomesoplenty:willow_sapling":13,"aquaculture:brown_trout":2,"minecraft:stripped_dark_oak_wood":2,"minecraft:pink_tulip":2,"minecraft:glistering_melon_slice":4,"minecraft:gold_ingot":40,"supplementaries:ash":3,"minecraft:obsidian":1,"minecraft:skeleton_skull":16,"minecraft:cobblestone":100,"minecraft:feather":1,"projectvibrantjourneys:fallen_leaves":1,"minecraft:orange_carpet":5,"minecraft:leather":3,"biomesoplenty:fir_sapling":34,"minecraft:birch_planks":13,"biomesoplenty:fir_log":123,"minecraft:flint":80,"minecraft:oak_log":36,"minecraft:gunpowder":510,"aquaculture:rainbow_trout":1,"minecraft:dirt":66,"minecraft:bone":13,"minecraft:acacia_planks":20,"minecraft:apple":1,"minecraft:wheat_seeds":7,"minecraft:spruce_wood":5,"wardrobe:goat_fur":2,"minecraft:iron_ingot":60,"minecraft:diamond_helmet":9,"minecraft:oak_planks":18,"minecraft:iron_sword":5,"minecraft:dark_oak_stairs":2,"minecraft:book":5,"minecraft:cooked_porkchop":1,"minecraft:sweet_berries":25,"ecologics:coconut_husk":1,"minecraft:spruce_log":24,"minecraft:crying_obsidian":2,"minecraft:dark_oak_log":4,"minecraft:spider_eye":2,"minecraft:purple_bed":4,"minecraft:slime_ball":1,"biomesoplenty:willow_log":9,"minecraft:diamond":59,"minecraft:stone_axe":1,"minecraft:emerald":106,"minecraft:bread":9,"minecraft:baked_potato":7,"projectvibrantjourneys:orange_bark_mushroom":1,"minecraft:oak_sapling":3,"minecraft:coal":10,"minecraft:diamond_pickaxe":1}},"DataVersion":3465}