{"stats":{"minecraft:picked_up":{"minecraft:birch_sapling":3},"minecraft:custom":{"minecraft:jump":33,"minecraft:time_since_rest":915,"minecraft:damage_dealt":19,"minecraft:damage_taken":550,"minecraft:leave_game":2,"minecraft:play_time":6312,"minecraft:sprint_one_cm":577,"minecraft:time_since_death":545,"minecraft:walk_one_cm":4363,"minecraft:deaths":2,"minecraft:total_world_time":6312,"minecraft:fall_one_cm":335,"minecraft:fly_one_cm":720},"minecraft:killed_by":{"minecraft:skeleton":2},"minecraft:used":{"minecraft:birch_sapling":3},"minecraft:mined":{"minecraft:birch_sapling":2,"minecraft:birch_leaves":2}},"DataVersion":3465}