{"stats":{"minecraft:custom":{"minecraft:time_since_rest":37884,"minecraft:crouch_one_cm":655,"minecraft:play_time":37884,"minecraft:sprint_one_cm":20978,"minecraft:damage_taken":90,"minecraft:walk_one_cm":21670,"minecraft:sneak_time":179,"minecraft:walk_under_water_one_cm":716,"minecraft:drop":1,"minecraft:jump":175,"minecraft:leave_game":1,"minecraft:walk_on_water_one_cm":172,"minecraft:time_since_death":37884,"minecraft:climb_one_cm":947,"minecraft:total_world_time":37884,"minecraft:swim_one_cm":2790,"minecraft:fall_one_cm":4145,"minecraft:fly_one_cm":81848},"minecraft:picked_up":{"ecologics:coconut_slice":2,"projectvibrantjourneys:fallen_leaves":1,"ecologics:coconut_seedling":1,"minecraft:sugar_cane":5,"minecraft:elytra":1},"minecraft:mined":{"minecraft:sugar_cane":2},"minecraft:dropped":{"minecraft:elytra":1},"minecraft:used":{"ecologics:coconut_slice":2,"projectvibrantjourneys:fallen_leaves":1}},"DataVersion":3465}