{"stats":{"minecraft:mined":{"minecraft:dark_oak_planks":9,"immersive_weathering:spruce_leaf_pile":2,"projectvibrantjourneys:twigs":2,"minecraft:grass_block":9,"ecologics:coconut_leaves":1,"immersive_weathering:biomesoplenty/willow_leaf_pile":1,"minecraft:spruce_leaves":3,"minecraft:sugar_cane":2,"minecraft:orange_carpet":1,"minecraft:birch_planks":13,"minecraft:large_fern":1,"minecraft:purple_bed":3,"immersive_weathering:biomesoplenty/fir_leaf_pile":1,"minecraft:coarse_dirt":1,"ecologics:seashell":1,"biomesoplenty:toadstool":1,"minecraft:sweet_berry_bush":5,"treechop:chopped_log":5,"minecraft:stripped_dark_oak_wood":3,"biomesoplenty:fir_leaves":13,"minecraft:grass":8,"projectvibrantjourneys:short_grass":4,"minecraft:dirt":7,"minecraft:acacia_planks":22,"minecraft:stone":13,"biomesoplenty:willow_leaves":1,"minecraft:green_bed":1,"minecraft:fern":1},"minecraft:killed":{"minecraft:vindicator":5,"minecraft:pillager":1,"minecraft:zombie":6},"minecraft:killed_by":{"minecraft:vindicator":4,"minecraft:player":1,"minecraft:hoglin":1,"minecraft:skeleton":5,"minecraft:creeper":3,"minecraft:spider":1,"minecraft:zombie":7,"minecraft:pillager":2},"minecraft:crafted":{"minecraft:diamond_sword":1,"minecraft:crafting_table":2,"minecraft:spruce_planks":44,"minecraft:wooden_pickaxe":2,"biomesoplenty:willow_planks":36,"minecraft:stick":8,"minecraft:stone_pickaxe":1,"minecraft:wooden_axe":2,"minecraft:dark_oak_planks":8},"minecraft:used":{"minecraft:birch_planks":12,"minecraft:oak_planks":2,"minecraft:spruce_planks":5,"minecraft:wooden_pickaxe":13,"minecraft:iron_sword":18,"minecraft:green_bed":3,"biomesoplenty:willow_sapling":1,"minecraft:rotten_flesh":4,"minecraft:iron_chestplate":1,"minecraft:dirt":19,"minecraft:crafting_table":3,"minecraft:diamond_helmet":1,"minecraft:dark_oak_planks":16,"projectvibrantjourneys:fallen_leaves":1,"minecraft:wooden_axe":40,"minecraft:diamond_sword":21,"ecologics:coconut_slice":3,"minecraft:cobblestone":2,"supplementaries:ash":1,"minecraft:purple_bed":1,"minecraft:sweet_berries":2,"minecraft:cooked_porkchop":1,"minecraft:acacia_planks":18,"ecologics:coconut_seedling":1,"minecraft:coarse_dirt":1},"minecraft:dropped":{"minecraft:stone_axe":1,"minecraft:sweet_berries":12,"minecraft:oak_log":27,"minecraft:crafting_table":1,"minecraft:raw_iron":11,"minecraft:stone_shovel":1,"minecraft:cobblestone":64,"minecraft:leather":3,"minecraft:apple":1,"minecraft:stone_slab":1,"minecraft:elytra":1,"minecraft:coal":4,"minecraft:dirt":24,"minecraft:torch":62,"minecraft:purple_bed":2,"minecraft:oak_sapling":1,"minecraft:spruce_log":7,"minecraft:wooden_pickaxe":1,"minecraft:iron_shovel":1,"immersive_weathering:permafrost":1,"wardrobe:goat_fur":2,"projectvibrantjourneys:bark_mushroom":1,"minecraft:bone":2},"minecraft:custom":{"minecraft:interact_with_furnace":2,"minecraft:mob_kills":13,"minecraft:interact_with_crafting_table":11,"minecraft:open_barrel":10,"minecraft:leave_game":7,"minecraft:time_since_death":2452,"minecraft:sleep_in_bed":4,"minecraft:climb_one_cm":7138,"minecraft:time_since_rest":2109,"minecraft:sprint_one_cm":134819,"minecraft:walk_one_cm":346945,"minecraft:damage_taken":7834,"minecraft:drop":26,"minecraft:damage_dealt":2768,"minecraft:swim_one_cm":43245,"minecraft:talked_to_villager":10,"minecraft:fly_one_cm":249289,"minecraft:open_chest":12,"minecraft:crouch_one_cm":12688,"minecraft:play_time":163252,"minecraft:deaths":24,"minecraft:sneak_time":5066,"minecraft:walk_under_water_one_cm":8029,"minecraft:jump":1542,"minecraft:walk_on_water_one_cm":39902,"minecraft:total_world_time":163252,"minecraft:fall_one_cm":32936,"minecraft:inspect_dispenser":1},"minecraft:picked_up":{"minecraft:wooden_axe":3,"minecraft:iron_chestplate":4,"minecraft:crafting_table":2,"minecraft:coarse_dirt":1,"minecraft:orange_carpet":4,"projectvibrantjourneys:fallen_leaves":1,"minecraft:leather":3,"minecraft:diamond_sword":3,"minecraft:stone_slab":1,"ecologics:seashell":1,"minecraft:wooden_pickaxe":1,"minecraft:birch_planks":13,"biomesoplenty:fir_sapling":20,"biomesoplenty:fir_log":92,"minecraft:flint":64,"minecraft:oak_log":36,"minecraft:gunpowder":428,"minecraft:dirt":63,"minecraft:elytra":1,"minecraft:iron_shovel":1,"minecraft:acacia_planks":20,"minecraft:bone":8,"minecraft:apple":1,"biomesoplenty:willow_planks":30,"minecraft:wheat_seeds":4,"minecraft:spruce_planks":1,"minecraft:iron_ingot":48,"wardrobe:goat_fur":2,"minecraft:diamond_helmet":8,"minecraft:sugar_cane":5,"minecraft:iron_sword":4,"minecraft:oak_planks":18,"minecraft:iron_boots":2,"ecologics:crab_claw":1,"minecraft:book":5,"minecraft:stick":74,"minecraft:raw_iron":11,"minecraft:cooked_porkchop":1,"minecraft:sweet_berries":25,"ecologics:coconut_slice":6,"minecraft:green_bed":4,"projectvibrantjourneys:bark_mushroom":2,"minecraft:torch":62,"ecologics:coconut_seedling":2,"ecologics:coconut_husk":1,"minecraft:spruce_log":24,"immersive_weathering:permafrost":1,"minecraft:dark_oak_planks":16,"minecraft:diamond":56,"minecraft:arrow":10,"minecraft:stone_shovel":1,"minecraft:purple_bed":4,"minecraft:rotten_flesh":17,"biomesoplenty:willow_log":9,"minecraft:stone_axe":1,"biomesoplenty:willow_sapling":13,"minecraft:gold_ingot":40,"minecraft:stripped_dark_oak_wood":2,"minecraft:emerald":106,"supplementaries:ash":2,"projectvibrantjourneys:orange_bark_mushroom":1,"minecraft:oak_sapling":3,"minecraft:skeleton_skull":13,"minecraft:coal":4,"minecraft:cobblestone":91}},"DataVersion":3465}