{"stats":{"minecraft:mined":{"minecraft:dark_oak_planks":9,"minecraft:crying_obsidian":1,"minecraft:spruce_planks":1,"minecraft:white_bed":1,"minecraft:dark_oak_log":1,"minecraft:obsidian":1,"minecraft:grass_block":10,"ecologics:coconut_leaves":1,"minecraft:polished_blackstone_brick_slab":1,"minecraft:spruce_leaves":4,"minecraft:spawner":1,"minecraft:large_fern":1,"minecraft:polished_blackstone_bricks":1,"immersive_weathering:biomesoplenty/fir_leaf_pile":1,"biomesoplenty:toadstool":1,"minecraft:fire":3,"minecraft:andesite":7,"treechop:chopped_log":5,"minecraft:anvil":1,"minecraft:stripped_dark_oak_wood":3,"minecraft:spruce_wood":1,"minecraft:stone":18,"minecraft:green_bed":1,"biomesoplenty:willow_leaves":1,"immersive_weathering:spruce_leaf_pile":2,"projectvibrantjourneys:twigs":2,"minecraft:calcite":1,"minecraft:white_stained_glass_pane":2,"minecraft:tall_grass":3,"minecraft:cobblestone":3,"immersive_weathering:biomesoplenty/willow_leaf_pile":1,"minecraft:sugar_cane":2,"minecraft:orange_carpet":1,"minecraft:stone_stairs":1,"minecraft:purple_bed":3,"minecraft:birch_planks":13,"minecraft:coarse_dirt":1,"ecologics:seashell":1,"minecraft:sweet_berry_bush":5,"minecraft:grass":10,"minecraft:coal_ore":3,"projectvibrantjourneys:short_grass":6,"biomesoplenty:fir_leaves":13,"minecraft:dirt":9,"minecraft:acacia_planks":22,"minecraft:stone_bricks":16,"minecraft:fern":4},"minecraft:killed":{"minecraft:vindicator":5,"minecraft:spider":2,"minecraft:skeleton":1,"minecraft:husk":2,"minecraft:pillager":1,"minecraft:zombie":12},"minecraft:killed_by":{"minecraft:player":2,"minecraft:creeper":4,"minecraft:spider":1,"minecraft:pillager":2,"minecraft:vindicator":4,"minecraft:hoglin":1,"minecraft:skeleton":5,"minecraft:zombie":7},"minecraft:crafted":{"minecraft:diamond_leggings":1,"minecraft:stone_pickaxe":1,"minecraft:dark_oak_planks":8,"minecraft:diamond_sword":1,"minecraft:crafting_table":5,"minecraft:spruce_planks":60,"minecraft:wooden_pickaxe":2,"biomesoplenty:willow_planks":36,"minecraft:jungle_planks":24,"biomesoplenty:fir_planks":124,"minecraft:diamond_pickaxe":1,"minecraft:shield":1,"minecraft:stick":12,"minecraft:wooden_axe":2},"minecraft:dropped":{"minecraft:oak_log":27,"minecraft:crafting_table":1,"minecraft:cobblestone":64,"minecraft:leather":3,"minecraft:apple":1,"minecraft:elytra":1,"minecraft:coal":4,"minecraft:dirt":24,"minecraft:torch":62,"immersive_weathering:spruce_bark":2,"minecraft:diamond_helmet":1,"minecraft:iron_shovel":1,"immersive_weathering:permafrost":1,"projectvibrantjourneys:bark_mushroom":1,"minecraft:pink_tulip":1,"minecraft:bone":2,"minecraft:stone_axe":1,"minecraft:sweet_berries":12,"minecraft:raw_iron":11,"minecraft:stone_shovel":1,"minecraft:chicken":1,"minecraft:stone_slab":1,"minecraft:purple_bed":2,"minecraft:oak_sapling":1,"minecraft:spruce_log":7,"minecraft:arrow":4,"minecraft:wooden_pickaxe":1,"wardrobe:goat_fur":2},"minecraft:used":{"minecraft:acacia_log":1,"aquaculture:brown_trout":1,"minecraft:spruce_planks":5,"minecraft:iron_sword":71,"minecraft:rotten_flesh":7,"minecraft:iron_chestplate":2,"minecraft:dirt":38,"minecraft:jungle_planks":9,"minecraft:stone_stairs":1,"minecraft:diamond_helmet":2,"minecraft:obsidian":1,"aquaculture:rainbow_trout":1,"minecraft:wooden_axe":40,"minecraft:dark_oak_planks":16,"projectvibrantjourneys:fallen_leaves":1,"minecraft:jungle_log":4,"minecraft:iron_boots":1,"minecraft:stone_bricks":2,"minecraft:sweet_berries":2,"supplementaries:ash":3,"minecraft:oak_sapling":1,"ecologics:coconut_seedling":1,"minecraft:acacia_planks":18,"minecraft:calcite":1,"minecraft:cooked_mutton":2,"minecraft:birch_planks":12,"minecraft:oak_planks":2,"minecraft:wooden_pickaxe":13,"biomesoplenty:fir_planks":5,"minecraft:green_bed":3,"biomesoplenty:willow_sapling":1,"minecraft:orange_carpet":1,"minecraft:crafting_table":6,"minecraft:diamond_pickaxe":42,"minecraft:melon_slice":30,"minecraft:bread":8,"ecologics:coconut_slice":3,"minecraft:diamond_sword":26,"minecraft:cobblestone":11,"minecraft:purple_bed":1,"minecraft:cooked_porkchop":1,"minecraft:coarse_dirt":1,"minecraft:diamond_leggings":1},"minecraft:custom":{"minecraft:mob_kills":24,"minecraft:interact_with_crafting_table":16,"minecraft:open_barrel":14,"minecraft:damage_dealt_resisted":150,"minecraft:leave_game":7,"minecraft:time_since_death":11302,"minecraft:climb_one_cm":9132,"minecraft:sprint_one_cm":250962,"minecraft:walk_one_cm":546492,"minecraft:drop":32,"minecraft:talked_to_villager":10,"minecraft:play_time":217252,"minecraft:deaths":26,"minecraft:sneak_time":9293,"minecraft:walk_under_water_one_cm":14291,"minecraft:jump":2633,"minecraft:walk_on_water_one_cm":48871,"minecraft:total_world_time":217252,"minecraft:interact_with_furnace":2,"minecraft:sleep_in_bed":6,"minecraft:time_since_rest":11366,"minecraft:damage_taken":9358,"minecraft:damage_dealt":5409,"minecraft:swim_one_cm":53885,"minecraft:fly_one_cm":435113,"minecraft:open_chest":19,"minecraft:crouch_one_cm":26810,"minecraft:fall_one_cm":61411,"minecraft:inspect_dispenser":1,"minecraft:horse_one_cm":616},"minecraft:picked_up":{"minecraft:wooden_axe":3,"minecraft:coarse_dirt":1,"minecraft:crafting_table":2,"minecraft:iron_chestplate":9,"minecraft:chicken":1,"minecraft:anvil":1,"ecologics:seashell":1,"minecraft:stone_slab":1,"minecraft:diamond_sword":3,"minecraft:wooden_pickaxe":1,"minecraft:string":16,"minecraft:stone_stairs":1,"minecraft:elytra":1,"minecraft:iron_shovel":1,"biomesoplenty:willow_planks":30,"minecraft:diamond_leggings":2,"minecraft:gold_nugget":78,"minecraft:spruce_planks":2,"minecraft:calcite":1,"minecraft:minecart":2,"minecraft:melon_slice":33,"minecraft:sugar_cane":5,"ecologics:crab_claw":1,"minecraft:iron_boots":4,"minecraft:stick":92,"minecraft:raw_iron":11,"ecologics:coconut_slice":6,"minecraft:acacia_log":1,"projectvibrantjourneys:bark_mushroom":2,"ecologics:coconut_seedling":2,"minecraft:torch":62,"minecraft:green_bed":4,"minecraft:polished_blackstone_bricks":1,"minecraft:stone_button":4,"immersive_weathering:permafrost":1,"minecraft:dark_oak_planks":16,"minecraft:arrow":13,"minecraft:rotten_flesh":29,"minecraft:stone_shovel":1,"farmersdelight:onion":5,"biomesoplenty:willow_sapling":13,"aquaculture:brown_trout":2,"minecraft:stripped_dark_oak_wood":2,"minecraft:pink_tulip":2,"minecraft:glistering_melon_slice":4,"minecraft:gold_ingot":40,"supplementaries:ash":6,"minecraft:obsidian":1,"minecraft:skeleton_skull":19,"minecraft:cobblestone":107,"minecraft:feather":1,"minecraft:andesite":6,"minecraft:jungle_log":10,"immersive_weathering:spruce_bark":3,"projectvibrantjourneys:fallen_leaves":1,"minecraft:orange_carpet":5,"minecraft:leather":3,"minecraft:potato":5,"biomesoplenty:fir_sapling":41,"minecraft:birch_planks":13,"biomesoplenty:fir_log":123,"minecraft:flint":96,"minecraft:oak_log":36,"minecraft:gunpowder":529,"minecraft:map":3,"aquaculture:rainbow_trout":1,"minecraft:dirt":79,"minecraft:cooked_mutton":5,"minecraft:bone":18,"minecraft:stone_bricks":24,"minecraft:acacia_planks":20,"minecraft:apple":1,"minecraft:wheat_seeds":124,"minecraft:spruce_wood":9,"wardrobe:goat_fur":2,"minecraft:iron_ingot":72,"minecraft:diamond_helmet":10,"minecraft:oak_planks":18,"minecraft:iron_sword":6,"minecraft:dark_oak_stairs":2,"minecraft:book":5,"minecraft:cooked_porkchop":1,"minecraft:sweet_berries":25,"ecologics:coconut_husk":1,"minecraft:white_bed":2,"minecraft:spruce_log":24,"minecraft:crying_obsidian":2,"minecraft:dark_oak_log":4,"minecraft:spider_eye":3,"minecraft:purple_bed":4,"minecraft:slime_ball":2,"biomesoplenty:willow_log":9,"minecraft:diamond":62,"minecraft:stone_axe":1,"minecraft:emerald":106,"minecraft:bread":9,"minecraft:baked_potato":7,"projectvibrantjourneys:orange_bark_mushroom":1,"minecraft:oak_sapling":4,"minecraft:coal":13,"minecraft:diamond_pickaxe":2}},"DataVersion":3465}