{"stats":{"minecraft:crafted":{"minecraft:oak_planks":36,"securitycraft:mine":18,"hangglider:hang_glider":2,"pizzacraft:pizza_station":2,"minecraft:stone":4,"minecraft:diamond_leggings":1,"minecraft:iron_boots":1,"minecraft:chest":9,"minecraft:bricks":18,"minecraft:stone_hoe":1,"minecraft:wooden_shovel":1,"minecraft:cooked_porkchop":2,"minecraft:crafting_table":13,"minecraft:spruce_planks":316,"minecraft:wooden_pickaxe":3,"minecraft:spruce_door":6,"farmersdelight:beef_patty":16,"biomesoplenty:fir_planks":124,"aquaculture:iron_fillet_knife":1,"minecraft:diamond_pickaxe":2,"minecraft:charcoal":91,"minecraft:shield":1,"minecraft:stick":136,"minecraft:iron_ingot":33,"hangglider:glider_framework":2,"minecraft:furnace":3,"minecraft:bone_meal":18,"hangglider:glider_wing":4,"minecraft:spruce_fence":3,"minecraft:iron_axe":2,"minecraft:spruce_slab":6,"minecraft:iron_hoe":2,"minecraft:stone_pickaxe":1,"biomesoplenty:magic_planks":28,"minecraft:spruce_boat":1,"minecraft:dark_oak_planks":12,"minecraft:cooked_beef":21,"farmersdelight:cooked_mutton_chops":6,"minecraft:diamond_sword":2,"pizzacraft:oven":1,"minecraft:cyan_bed":2,"minecraft:bucket":2,"biomesoplenty:willow_planks":36,"minecraft:jungle_planks":24,"minecraft:air":0,"securitycraft:dirt_mine":12,"biomesoplenty:fir_fence":18,"minecraft:wooden_axe":2,"minecraft:iron_shovel":1,"minecraft:iron_leggings":1,"minecraft:white_bed":1,"minecraft:diamond_chestplate":1,"minecraft:brick":72},"minecraft:picked_up":{"minecraft:wooden_axe":3,"minecraft:iron_chestplate":15,"minecraft:wheat":6,"aquaculture:synodontis":1,"minecraft:flower_pot":1,"minecraft:anvil":2,"minecraft:lead":6,"minecraft:stone_slab":1,"minecraft:diamond_sword":12,"minecraft:enchanted_book":3,"tombstone:grave_key":1,"minecraft:string":70,"minecraft:iron_leggings":4,"minecraft:experience_bottle":1,"minecraft:diamond_leggings":7,"minecraft:gold_nugget":104,"minecraft:cobbled_deepslate":21,"biomesoplenty:fir_planks":229,"minecraft:spruce_planks":130,"minecraft:rose_bush":95,"minecraft:calcite":1,"minecraft:smooth_quartz":12,"minecraft:enchanted_golden_apple":2,"hangglider:hang_glider":1,"minecraft:melon_slice":160,"minecraft:furnace":4,"ecologics:crab_claw":1,"minecraft:iron_boots":13,"minecraft:tipped_arrow":2,"minecraft:polished_blackstone_brick_slab":2,"minecraft:stick":278,"minecraft:acacia_fence":2,"minecraft:acacia_log":1,"minecraft:torch":100,"ecologics:coconut_seedling":2,"minecraft:green_bed":4,"minecraft:spruce_stairs":1,"hangglider:glider_framework":2,"minecraft:porkchop":2,"tombstone:grave_dust":3,"minecraft:rotten_flesh":58,"minecraft:vex_armor_trim_smithing_template":4,"farmersdelight:onion":17,"farmersdelight:rope":18,"supplementaries:ash":11,"minecraft:obsidian":1,"minecraft:cobblestone":471,"minecraft:feather":1,"minecraft:cooked_beef":1,"pizzacraft:pepper_seeds":2,"minecraft:andesite":15,"minecraft:jungle_log":10,"projectvibrantjourneys:fallen_leaves":7,"minecraft:orange_carpet":5,"biomesoplenty:glowshroom":2,"immersive_weathering:sandy_dirt":21,"minecraft:chiseled_quartz_block":18,"minecraft:potato":11,"biomesoplenty:fir_sapling":49,"biomesoplenty:fir_log":123,"minecraft:flint":112,"projectvibrantjourneys:oak_hollow_log":2,"minecraft:gray_concrete":2,"minecraft:map":6,"minecraft:cyan_concrete_powder":1,"minecraft:dirt":475,"minecraft:bone":121,"farmersdelight:iron_knife":2,"minecraft:acacia_planks":20,"minecraft:bow":7,"minecraft:wheat_seeds":234,"pizzacraft:tomato":3,"minecraft:diamond_helmet":14,"minecraft:oak_planks":121,"immersive_weathering:tallow":2,"biomesoplenty:magic_sapling":2,"minecraft:cooked_porkchop":3,"securitycraft:dirt_mine":18,"minecraft:jungle_planks":2,"minecraft:sand":4,"ecologics:coconut_husk":1,"biomesoplenty:fir_fence":2,"minecraft:cyan_bed":2,"minecraft:dark_oak_log":4,"farmersdelight:cooked_mutton_chops":32,"minecraft:mossy_cobblestone":10,"minecraft:sugar":3,"biomesoplenty:willow_log":9,"minecraft:diamond":130,"biomesoplenty:magic_planks":4,"minecraft:golden_apple":5,"minecraft:bread":94,"minecraft:emerald":302,"minecraft:oak_sapling":23,"minecraft:diamond_pickaxe":11,"minecraft:coarse_dirt":5,"minecraft:crafting_table":4,"minecraft:clay_ball":68,"minecraft:allium":24,"minecraft:azure_bluet":1,"minecraft:chicken":1,"minecraft:ladder":1,"minecraft:turtle_helmet":4,"minecraft:redstone_lamp":14,"ecologics:seashell":1,"minecraft:wooden_pickaxe":1,"minecraft:shield":12,"minecraft:elytra":1,"minecraft:stone_stairs":1,"minecraft:moss_carpet":1,"minecraft:flint_and_steel":1,"minecraft:item_frame":5,"minecraft:white_carpet":4,"minecraft:iron_shovel":1,"biomesoplenty:willow_planks":30,"farmersdelight:beef_patty":33,"minecraft:beef":32,"minecraft:cyan_wool":12,"minecraft:poppy":43,"minecraft:spruce_slab":4,"minecraft:minecart":2,"biomesoplenty:wildflower":1,"minecraft:sugar_cane":5,"minecraft:chest":2,"minecraft:birch_sapling":1,"pizzacraft:corn":1,"minecraft:raw_iron":37,"ecologics:coconut_slice":6,"projectvibrantjourneys:bark_mushroom":6,"minecraft:polished_blackstone_bricks":2,"minecraft:stone_button":6,"immersive_weathering:permafrost":1,"minecraft:dark_oak_planks":22,"minecraft:arrow":44,"minecraft:diamond_chestplate":5,"minecraft:stone_shovel":1,"minecraft:cooked_cod":2,"minecraft:decorated_pot":1,"biomesoplenty:willow_sapling":13,"aquaculture:brown_trout":2,"minecraft:hay_block":34,"minecraft:stripped_dark_oak_wood":2,"minecraft:pink_tulip":2,"minecraft:glistering_melon_slice":4,"minecraft:saddle":1,"minecraft:gold_ingot":62,"minecraft:mutton":6,"minecraft:skeleton_skull":28,"minecraft:white_wool":4,"minecraft:oxeye_daisy":8,"immersive_weathering:spruce_bark":3,"minecraft:leather":18,"minecraft:red_mushroom":1,"minecraft:birch_planks":13,"minecraft:oak_log":186,"pizzacraft:broccoli_seeds":1,"minecraft:gunpowder":600,"aquaculture:rainbow_trout":1,"minecraft:orange_terracotta":3,"minecraft:cooked_mutton":13,"minecraft:apple":10,"minecraft:stone_bricks":37,"minecraft:spruce_wood":9,"wardrobe:goat_fur":3,"minecraft:iron_ingot":164,"minecraft:iron_ore":22,"biomesoplenty:magic_log":7,"minecraft:iron_sword":9,"minecraft:dark_oak_stairs":2,"minecraft:book":5,"projectvibrantjourneys:light_brown_bark_mushroom":18,"minecraft:sweet_berries":25,"minecraft:dandelion":1,"minecraft:spruce_sapling":23,"minecraft:white_bed":4,"minecraft:spruce_log":120,"minecraft:crying_obsidian":2,"minecraft:spider_eye":6,"minecraft:purple_bed":4,"minecraft:slime_ball":3,"immersive_weathering:earthen_clay":6,"minecraft:stone_axe":1,"minecraft:iron_helmet":5,"minecraft:diamond_axe":2,"minecraft:lodestone":2,"minecraft:terracotta":6,"minecraft:baked_potato":7,"projectvibrantjourneys:orange_bark_mushroom":11,"spelunkers_charm:rock":3,"minecraft:dark_oak_wood":1,"minecraft:coal":93},"minecraft:killed_by":{"minecraft:creeper":10,"minecraft:pillager":2,"minecraft:vindicator":5,"minecraft:zombie":14,"minecraft:husk":3,"minecraft:player":3,"minecraft:spider":2,"minecraft:hoglin":1,"minecraft:skeleton":14,"naturalist:bear":1},"minecraft:dropped":{"minecraft:iron_sword":1,"minecraft:oak_log":27,"minecraft:diamond":25,"minecraft:crafting_table":1,"biomesoplenty:magic_planks":4,"minecraft:leather":3,"minecraft:jungle_planks":1,"minecraft:elytra":1,"farmersdelight:beef_patty":1,"minecraft:red_mushroom":1,"minecraft:emerald":47,"minecraft:dirt":47,"immersive_weathering:spruce_bark":2,"minecraft:polished_blackstone_bricks":1,"minecraft:iron_pickaxe":1,"projectvibrantjourneys:bark_mushroom":1,"minecraft:bone":2,"minecraft:stone_axe":1,"hangglider:hang_glider":1,"securitycraft:dirt_mine":3,"minecraft:rotten_flesh":11,"spelunkers_charm:rock":3,"immersive_weathering:tallow":2,"minecraft:spruce_slab":1,"minecraft:arrow":5,"minecraft:iron_ingot":60,"minecraft:wheat_seeds":9,"biomesoplenty:magic_sapling":2,"minecraft:iron_helmet":1,"minecraft:cobblestone":104,"minecraft:apple":1,"minecraft:coal":4,"minecraft:torch":62,"minecraft:diamond_helmet":2,"minecraft:polished_blackstone_brick_slab":1,"minecraft:iron_shovel":1,"immersive_weathering:permafrost":1,"minecraft:spruce_sapling":2,"minecraft:pink_tulip":1,"securitycraft:mine":6,"minecraft:sweet_berries":12,"minecraft:stone_shovel":1,"minecraft:raw_iron":11,"minecraft:chicken":1,"minecraft:stone_slab":1,"biomesoplenty:fir_planks":64,"minecraft:diamond_chestplate":1,"minecraft:spruce_planks":18,"minecraft:iron_chestplate":2,"minecraft:purple_bed":2,"minecraft:oak_sapling":1,"minecraft:spider_eye":1,"minecraft:spruce_log":7,"minecraft:bow":1,"minecraft:wooden_pickaxe":1,"wardrobe:goat_fur":3},"minecraft:custom":{"minecraft:animals_bred":1,"minecraft:interact_with_crafting_table":93,"minecraft:open_barrel":24,"minecraft:eat_cake_slice":7,"minecraft:leave_game":21,"minecraft:time_since_death":194443,"minecraft:sprint_one_cm":873720,"minecraft:damage_blocked_by_shield":795,"minecraft:drop":98,"minecraft:talked_to_villager":11,"minecraft:play_time":760282,"minecraft:deaths":62,"minecraft:jump":11853,"minecraft:walk_on_water_one_cm":99474,"minecraft:interact_with_furnace":142,"minecraft:sleep_in_bed":14,"minecraft:damage_dealt":22039,"minecraft:crouch_one_cm":92336,"tombstone:undead_killed":21,"minecraft:interact_with_smoker":6,"minecraft:inspect_dispenser":3,"minecraft:horse_one_cm":5442,"minecraft:mob_kills":110,"minecraft:damage_dealt_resisted":150,"minecraft:climb_one_cm":29820,"minecraft:walk_one_cm":1643720,"minecraft:sneak_time":26566,"minecraft:walk_under_water_one_cm":54466,"minecraft:boat_one_cm":53691,"minecraft:interact_with_lectern":3,"minecraft:total_world_time":760282,"tombstone:raider_killed":1,"minecraft:tune_noteblock":1,"minecraft:time_since_rest":20193,"minecraft:damage_taken":26319,"minecraft:swim_one_cm":145187,"minecraft:fly_one_cm":1893318,"minecraft:open_chest":172,"minecraft:fall_one_cm":289239},"minecraft:used":{"minecraft:iron_shovel":29,"minecraft:spruce_slab":5,"minecraft:ladder":1,"minecraft:poppy":4,"minecraft:decorated_pot":1,"aquaculture:brown_trout":1,"minecraft:chest":14,"minecraft:shield":8,"minecraft:iron_sword":81,"minecraft:rotten_flesh":12,"minecraft:iron_chestplate":2,"minecraft:jungle_planks":9,"minecraft:allium":3,"aquaculture:synodontis":1,"minecraft:cyan_wool":6,"minecraft:obsidian":1,"minecraft:spruce_boat":1,"immersive_weathering:earthen_clay":5,"aquaculture:rainbow_trout":1,"biomesoplenty:fir_sapling":1,"minecraft:iron_helmet":1,"minecraft:stone_bricks":2,"minecraft:item_frame":1,"minecraft:redstone_lamp":14,"minecraft:sweet_berries":2,"minecraft:hay_block":5,"supplementaries:ash":3,"minecraft:oak_sapling":14,"minecraft:furnace":7,"minecraft:cooked_cod":2,"minecraft:acacia_fence":1,"minecraft:potato":2,"biomesoplenty:fir_fence":16,"pizzacraft:oven":1,"projectvibrantjourneys:light_brown_bark_mushroom":5,"minecraft:spruce_door":3,"minecraft:oak_planks":81,"minecraft:wooden_pickaxe":22,"biomesoplenty:fir_planks":5,"biomesoplenty:willow_sapling":1,"minecraft:white_wool":1,"minecraft:sand":2,"minecraft:chiseled_quartz_block":9,"minecraft:gray_concrete":1,"minecraft:bread":41,"minecraft:cyan_bed":4,"minecraft:melon_slice":87,"ecologics:coconut_slice":3,"minecraft:diamond_sword":300,"minecraft:andesite":3,"minecraft:coarse_dirt":5,"minecraft:bone_meal":14,"minecraft:experience_bottle":1,"minecraft:rose_bush":10,"minecraft:acacia_log":1,"pizzacraft:pizza_station":2,"minecraft:spruce_planks":153,"biomesoplenty:glowshroom":2,"minecraft:stone_hoe":13,"aquaculture:iron_fillet_knife":6,"minecraft:torch":14,"minecraft:stick":185,"minecraft:dirt":205,"projectvibrantjourneys:bark_mushroom":4,"minecraft:stone_stairs":1,"minecraft:diamond_helmet":2,"minecraft:spruce_fence":3,"farmersdelight:beef_patty":15,"minecraft:iron_hoe":63,"minecraft:wooden_axe":40,"minecraft:dark_oak_planks":16,"projectvibrantjourneys:fallen_leaves":3,"minecraft:iron_axe":31,"minecraft:jungle_log":4,"minecraft:iron_boots":1,"minecraft:smooth_quartz":6,"minecraft:diamond_chestplate":2,"projectvibrantjourneys:orange_bark_mushroom":2,"securitycraft:dirt_mine":2,"tombstone:gift":2,"ecologics:coconut_seedling":1,"farmersdelight:cooked_mutton_chops":36,"minecraft:cyan_concrete_powder":1,"minecraft:cobbled_deepslate":21,"minecraft:cooked_beef":6,"minecraft:acacia_planks":18,"projectvibrantjourneys:oak_hollow_log":1,"minecraft:orange_terracotta":3,"minecraft:calcite":1,"minecraft:wheat_seeds":32,"minecraft:cooked_mutton":3,"minecraft:water_bucket":30,"minecraft:birch_planks":12,"minecraft:baked_potato":2,"immersive_weathering:sandy_dirt":12,"minecraft:green_bed":3,"minecraft:mossy_cobblestone":10,"minecraft:orange_carpet":1,"minecraft:crafting_table":16,"minecraft:white_bed":2,"biomesoplenty:wildflower":1,"minecraft:flower_pot":1,"minecraft:diamond_pickaxe":571,"minecraft:oxeye_daisy":3,"minecraft:cobblestone":278,"minecraft:purple_bed":1,"minecraft:cooked_porkchop":5,"minecraft:bucket":30,"minecraft:diamond_leggings":1},"minecraft:killed":{"minecraft:witch":1,"minecraft:spider":9,"minecraft:skeleton":19,"minecraft:magma_cube":6,"minecraft:pig":1,"minecraft:zombie_villager":1,"minecraft:creeper":1,"minecraft:sheep":3,"minecraft:pillager":1,"minecraft:goat":1,"minecraft:zombie":35,"minecraft:cow":17,"minecraft:vindicator":6,"naturalist:tortoise":1,"minecraft:drowned":1,"minecraft:husk":2,"aquaculture:synodontis":1},"minecraft:mined":{"minecraft:dark_oak_planks":9,"minecraft:spruce_planks":4,"minecraft:white_bed":1,"naturalist:chrysalis":1,"immersive_weathering:earthen_clay":1,"minecraft:jungle_leaves":3,"minecraft:obsidian":1,"minecraft:grass_block":130,"ecologics:coconut_leaves":1,"minecraft:polished_blackstone_brick_slab":1,"minecraft:oxeye_daisy":6,"minecraft:spawner":5,"minecraft:polished_blackstone_bricks":1,"minecraft:tall_seagrass":1,"immersive_weathering:biomesoplenty/fir_leaf_pile":1,"minecraft:iron_ore":27,"minecraft:fire":81,"minecraft:anvil":1,"minecraft:stripped_dark_oak_wood":3,"minecraft:azure_bluet":1,"biomesoplenty:glowshroom_block":1,"supplementaries:stick":30,"immersive_weathering:loam":2,"minecraft:spruce_wood":1,"minecraft:spruce_slab":2,"minecraft:tripwire":2,"minecraft:green_bed":1,"biomesoplenty:willow_leaves":1,"immersive_weathering:oak_leaf_pile":14,"immersive_weathering:spruce_leaf_pile":19,"biomesoplenty:wildflower":1,"minecraft:orange_terracotta":3,"minecraft:clay":18,"minecraft:chiseled_quartz_block":10,"minecraft:torch":2,"projectvibrantjourneys:twigs":3,"immersive_weathering:sandy_dirt":6,"minecraft:calcite":1,"minecraft:poppy":19,"minecraft:melon":10,"minecraft:chest":1,"minecraft:white_stained_glass_pane":2,"minecraft:dead_bush":5,"minecraft:mushroom_stem":1,"minecraft:cobblestone":15,"immersive_weathering:biomesoplenty/willow_leaf_pile":1,"minecraft:sugar_cane":2,"projectvibrantjourneys:fallen_leaves":3,"minecraft:cyan_bed":2,"minecraft:oak_planks":20,"minecraft:wall_torch":3,"minecraft:stone_stairs":1,"minecraft:cyan_wool":12,"ecologics:seashell":1,"minecraft:wheat":6,"minecraft:grass":219,"minecraft:oak_log":5,"projectvibrantjourneys:short_grass":159,"immersive_weathering:grassy_earthen_clay":5,"minecraft:acacia_fence":1,"minecraft:dirt":64,"minecraft:sand":3,"minecraft:smooth_quartz":6,"minecraft:oak_leaves":20,"minecraft:deepslate":21,"minecraft:yellow_terracotta":2,"minecraft:crying_obsidian":1,"biomesoplenty:watergrass":3,"minecraft:mossy_cobblestone":11,"minecraft:dark_oak_log":1,"biomesoplenty:desert_grass":1,"projectvibrantjourneys:rocks":1,"minecraft:ladder":1,"minecraft:allium":7,"minecraft:decorated_pot":1,"minecraft:spruce_leaves":20,"minecraft:large_fern":3,"minecraft:hay_block":12,"farmersdelight:wild_onions":8,"minecraft:furnace":4,"biomesoplenty:toadstool":1,"minecraft:andesite":10,"treechop:chopped_log":10,"immersive_weathering:grassy_sandy_dirt":6,"minecraft:stone":348,"minecraft:white_wool":1,"minecraft:gray_concrete":2,"minecraft:glass_pane":2,"minecraft:dandelion":1,"minecraft:crafting_table":1,"minecraft:emerald_ore":5,"minecraft:cyan_concrete_powder":1,"minecraft:rose_bush":112,"minecraft:tall_grass":32,"biomesoplenty:sprout":2,"farmersdelight:wild_tomatoes":1,"minecraft:orange_carpet":1,"minecraft:birch_planks":13,"minecraft:purple_bed":3,"minecraft:coarse_dirt":5,"minecraft:sweet_berry_bush":5,"minecraft:coal_ore":75,"biomesoplenty:fir_leaves":13,"minecraft:terracotta":3,"minecraft:acacia_planks":22,"minecraft:stone_bricks":16,"minecraft:fern":14}},"DataVersion":3465}