{"stats":{"minecraft:mined":{"immersive_weathering:spruce_leaf_pile":2,"projectvibrantjourneys:twigs":1,"minecraft:grass_block":6,"ecologics:coconut_leaves":1,"immersive_weathering:biomesoplenty/willow_leaf_pile":1,"minecraft:sugar_cane":2,"minecraft:birch_planks":2,"minecraft:large_fern":1,"minecraft:purple_bed":3,"immersive_weathering:biomesoplenty/fir_leaf_pile":1,"minecraft:coarse_dirt":1,"ecologics:seashell":1,"biomesoplenty:toadstool":1,"minecraft:sweet_berry_bush":5,"treechop:chopped_log":4,"minecraft:grass":7,"projectvibrantjourneys:short_grass":3,"minecraft:dirt":5,"minecraft:stone":13,"minecraft:fern":1},"minecraft:killed":{"minecraft:zombie":1},"minecraft:killed_by":{"minecraft:player":1,"minecraft:hoglin":1,"minecraft:skeleton":4,"minecraft:creeper":3,"minecraft:zombie":3,"minecraft:pillager":2},"minecraft:crafted":{"minecraft:crafting_table":1,"minecraft:spruce_planks":36,"minecraft:wooden_pickaxe":2,"biomesoplenty:willow_planks":36,"minecraft:stick":4,"minecraft:stone_pickaxe":1,"minecraft:wooden_axe":2},"minecraft:used":{"minecraft:oak_planks":2,"minecraft:wooden_pickaxe":13,"biomesoplenty:willow_sapling":1,"minecraft:rotten_flesh":3,"minecraft:iron_chestplate":1,"minecraft:dirt":8,"minecraft:crafting_table":2,"minecraft:diamond_helmet":1,"minecraft:dark_oak_planks":4,"projectvibrantjourneys:fallen_leaves":1,"minecraft:wooden_axe":40,"ecologics:coconut_slice":3,"minecraft:cobblestone":2,"supplementaries:ash":1,"minecraft:purple_bed":1,"minecraft:sweet_berries":2,"minecraft:cooked_porkchop":1,"ecologics:coconut_seedling":1,"minecraft:coarse_dirt":1},"minecraft:dropped":{"minecraft:stone_axe":1,"minecraft:sweet_berries":12,"minecraft:oak_log":27,"minecraft:crafting_table":1,"minecraft:raw_iron":11,"minecraft:stone_shovel":1,"minecraft:cobblestone":64,"minecraft:leather":3,"minecraft:apple":1,"minecraft:stone_slab":1,"minecraft:elytra":1,"minecraft:coal":4,"minecraft:dirt":24,"minecraft:torch":62,"minecraft:purple_bed":2,"minecraft:oak_sapling":1,"minecraft:spruce_log":7,"minecraft:wooden_pickaxe":1,"minecraft:iron_shovel":1,"immersive_weathering:permafrost":1,"wardrobe:goat_fur":2,"projectvibrantjourneys:bark_mushroom":1,"minecraft:bone":2},"minecraft:custom":{"minecraft:interact_with_furnace":2,"minecraft:mob_kills":1,"minecraft:interact_with_crafting_table":10,"minecraft:open_barrel":3,"minecraft:leave_game":7,"minecraft:time_since_death":4126,"minecraft:sleep_in_bed":2,"minecraft:climb_one_cm":7138,"minecraft:time_since_rest":4166,"minecraft:sprint_one_cm":99478,"minecraft:walk_one_cm":291976,"minecraft:damage_taken":4651,"minecraft:drop":26,"minecraft:damage_dealt":605,"minecraft:swim_one_cm":22337,"minecraft:talked_to_villager":10,"minecraft:fly_one_cm":211074,"minecraft:open_chest":4,"minecraft:crouch_one_cm":7859,"minecraft:play_time":139252,"minecraft:deaths":14,"minecraft:sneak_time":2563,"minecraft:walk_under_water_one_cm":5945,"minecraft:jump":1288,"minecraft:walk_on_water_one_cm":27902,"minecraft:total_world_time":139252,"minecraft:fall_one_cm":24603},"minecraft:picked_up":{"minecraft:wooden_axe":2,"minecraft:crafting_table":2,"minecraft:coarse_dirt":1,"projectvibrantjourneys:fallen_leaves":1,"minecraft:leather":3,"minecraft:stone_slab":1,"ecologics:seashell":1,"minecraft:wooden_pickaxe":1,"minecraft:birch_planks":2,"biomesoplenty:fir_sapling":20,"biomesoplenty:fir_log":92,"minecraft:oak_log":36,"minecraft:dirt":36,"minecraft:elytra":1,"minecraft:iron_shovel":1,"minecraft:bone":2,"minecraft:apple":1,"biomesoplenty:willow_planks":30,"minecraft:wheat_seeds":1,"wardrobe:goat_fur":2,"minecraft:sugar_cane":5,"minecraft:oak_planks":18,"ecologics:crab_claw":1,"minecraft:stick":22,"minecraft:raw_iron":11,"minecraft:cooked_porkchop":1,"minecraft:sweet_berries":25,"ecologics:coconut_slice":6,"projectvibrantjourneys:bark_mushroom":2,"minecraft:torch":62,"ecologics:coconut_seedling":2,"ecologics:coconut_husk":1,"minecraft:spruce_log":22,"immersive_weathering:permafrost":1,"minecraft:dark_oak_planks":4,"minecraft:arrow":3,"minecraft:stone_shovel":1,"minecraft:purple_bed":4,"minecraft:rotten_flesh":4,"biomesoplenty:willow_log":9,"minecraft:stone_axe":1,"biomesoplenty:willow_sapling":13,"supplementaries:ash":2,"projectvibrantjourneys:orange_bark_mushroom":1,"minecraft:oak_sapling":3,"minecraft:coal":4,"minecraft:cobblestone":79}},"DataVersion":3465}