{"stats":{"minecraft:killed_by":{"minecraft:creeper":10,"minecraft:pillager":2,"minecraft:vindicator":5,"minecraft:zombie":14,"minecraft:husk":3,"minecraft:player":3,"minecraft:spider":2,"minecraft:hoglin":1,"minecraft:skeleton":14,"naturalist:bear":1},"minecraft:used":{"pizzacraft:dough":3,"minecraft:iron_shovel":94,"minecraft:spruce_slab":5,"minecraft:poppy":4,"minecraft:ladder":1,"minecraft:decorated_pot":1,"aquaculture:brown_trout":1,"minecraft:chest":16,"minecraft:shield":12,"minecraft:iron_sword":81,"minecraft:rotten_flesh":12,"minecraft:iron_chestplate":2,"minecraft:jungle_planks":9,"minecraft:honey_bottle":12,"minecraft:allium":3,"aquaculture:synodontis":1,"minecraft:cyan_wool":6,"minecraft:obsidian":1,"immersive_weathering:earthen_clay":5,"aquaculture:rainbow_trout":1,"minecraft:spruce_boat":1,"biomesoplenty:fir_sapling":1,"minecraft:dark_oak_wood":6,"minecraft:iron_helmet":1,"minecraft:stone_bricks":2,"minecraft:item_frame":1,"minecraft:redstone_lamp":14,"minecraft:sweet_berries":2,"minecraft:hay_block":5,"supplementaries:ash":3,"minecraft:furnace":10,"minecraft:oak_sapling":14,"minecraft:cooked_cod":2,"pizzacraft:pizza":1,"minecraft:acacia_fence":1,"aquaculture:atlantic_halibut":1,"minecraft:potato":2,"biomesoplenty:fir_fence":16,"pizzacraft:raw_pizza":16,"pizzacraft:oven":1,"projectvibrantjourneys:light_brown_bark_mushroom":5,"minecraft:spruce_door":3,"minecraft:gray_carpet":1,"minecraft:oak_planks":120,"minecraft:wooden_pickaxe":22,"biomesoplenty:lavender":2,"aquaculture:capitaine":1,"biomesoplenty:fir_planks":7,"biomesoplenty:willow_sapling":1,"minecraft:white_wool":1,"minecraft:sand":2,"pizzacraft:pizza_slice":2,"minecraft:chiseled_quartz_block":9,"minecraft:gray_concrete":1,"aquaculture:bayad":1,"minecraft:cyan_bed":4,"minecraft:bread":52,"minecraft:melon_slice":87,"tombstone:grave_key":2,"securitycraft:mine":4,"ecologics:coconut_slice":3,"minecraft:diamond_sword":481,"minecraft:andesite":3,"naturalist:catfish":1,"minecraft:oak_boat":1,"aquaculture:perch":1,"minecraft:coarse_dirt":5,"minecraft:bone_meal":14,"pizzacraft:andesite_basin":1,"minecraft:experience_bottle":1,"minecraft:rose_bush":10,"minecraft:acacia_log":1,"minecraft:flint_and_steel":16,"pizzacraft:pizza_station":2,"minecraft:spruce_planks":166,"biomesoplenty:glowshroom":2,"minecraft:stone_hoe":13,"aquaculture:iron_fillet_knife":6,"minecraft:stick":185,"minecraft:torch":15,"minecraft:dirt":252,"projectvibrantjourneys:bark_mushroom":5,"minecraft:stone_stairs":1,"minecraft:diamond_helmet":2,"minecraft:spruce_fence":3,"pizzacraft:oak_chopping_board":2,"farmersdelight:beef_patty":15,"minecraft:iron_hoe":63,"minecraft:wooden_axe":40,"minecraft:dark_oak_planks":134,"projectvibrantjourneys:fallen_leaves":3,"minecraft:iron_axe":227,"minecraft:jungle_log":4,"minecraft:iron_boots":1,"minecraft:smooth_quartz":6,"minecraft:barrel":4,"minecraft:smooth_basalt":19,"minecraft:diamond_chestplate":2,"projectvibrantjourneys:orange_bark_mushroom":2,"securitycraft:dirt_mine":2,"minecraft:cyan_concrete_powder":1,"tombstone:gift":8,"ecologics:coconut_seedling":1,"farmersdelight:cooked_mutton_chops":36,"minecraft:cooked_beef":35,"minecraft:acacia_planks":18,"minecraft:cobbled_deepslate":21,"projectvibrantjourneys:oak_hollow_log":1,"minecraft:orange_terracotta":3,"minecraft:calcite":1,"minecraft:wheat_seeds":32,"minecraft:cooked_mutton":3,"minecraft:water_bucket":35,"minecraft:birch_planks":12,"minecraft:baked_potato":2,"immersive_weathering:sandy_dirt":12,"minecraft:green_bed":3,"aquaculture:piranha":1,"minecraft:salmon":1,"minecraft:mossy_cobblestone":10,"pizzacraft:pepper_seeds":4,"minecraft:orange_carpet":1,"minecraft:tnt":11,"minecraft:crafting_table":21,"minecraft:campfire":1,"minecraft:white_bed":2,"biomesoplenty:wildflower":1,"bosses_of_mass_destruction:soul_star":1,"pizzacraft:pineapple_seeds":4,"minecraft:oak_log":15,"minecraft:flower_pot":1,"minecraft:diamond_pickaxe":851,"minecraft:oxeye_daisy":3,"minecraft:jungle_stairs":1,"minecraft:cobblestone":501,"minecraft:purple_bed":1,"minecraft:cooked_porkchop":5,"minecraft:bucket":35,"minecraft:diamond_leggings":1},"minecraft:dropped":{"minecraft:iron_sword":2,"minecraft:cooked_beef":6,"minecraft:oak_log":27,"pizzacraft:tomato":1,"minecraft:diamond":25,"minecraft:crafting_table":1,"biomesoplenty:magic_planks":5,"pizzacraft:iron_knife":1,"minecraft:leather":3,"minecraft:jungle_planks":1,"minecraft:elytra":1,"projectvibrantjourneys:orange_bark_mushroom":2,"farmersdelight:beef_patty":1,"minecraft:emerald":47,"minecraft:dirt":47,"minecraft:red_mushroom":1,"minecraft:stone_button":3,"immersive_weathering:spruce_bark":2,"minecraft:phantom_membrane":1,"minecraft:iron_pickaxe":1,"minecraft:polished_blackstone_bricks":1,"minecraft:dark_oak_planks":25,"minecraft:white_wool":1,"projectvibrantjourneys:bark_mushroom":2,"minecraft:bone":2,"minecraft:gravel":7,"minecraft:stone_axe":1,"securitycraft:dirt_mine":3,"hangglider:hang_glider":1,"minecraft:wheat":2,"minecraft:rotten_flesh":13,"bosses_of_mass_destruction:soul_star":3,"spelunkers_charm:rock":3,"minecraft:spruce_slab":1,"immersive_weathering:tallow":2,"minecraft:beef":3,"minecraft:arrow":5,"minecraft:cartography_table":1,"minecraft:bread":2,"minecraft:iron_ingot":60,"minecraft:purple_terracotta":1,"minecraft:wheat_seeds":13,"pizzacraft:iron_pizza_peel":1,"minecraft:mossy_cobblestone":2,"biomesoplenty:lavender":1,"minecraft:oak_fence":3,"biomesoplenty:magic_sapling":2,"minecraft:iron_helmet":1,"minecraft:cobblestone":176,"minecraft:apple":1,"pizzacraft:pizza_slice":1,"minecraft:coal":5,"biomesoplenty:jacaranda_log":3,"minecraft:stick":2,"minecraft:torch":62,"tombstone:grave_key":1,"minecraft:diamond_helmet":2,"minecraft:polished_blackstone_brick_slab":1,"minecraft:iron_shovel":1,"immersive_weathering:permafrost":1,"minecraft:gray_carpet":15,"minecraft:spruce_sapling":2,"minecraft:pink_tulip":1,"securitycraft:mine":6,"minecraft:kelp":1,"minecraft:sweet_berries":12,"pizzacraft:rolling_pin":1,"minecraft:raw_copper":4,"minecraft:stone_shovel":1,"minecraft:raw_iron":11,"minecraft:chicken":6,"minecraft:stripped_oak_log":2,"minecraft:stone_slab":1,"minecraft:diamond_sword":1,"biomesoplenty:fir_planks":65,"minecraft:diamond_chestplate":1,"minecraft:spruce_planks":18,"minecraft:iron_chestplate":2,"minecraft:purple_bed":2,"minecraft:oak_sapling":1,"minecraft:spider_eye":3,"pizzacraft:pineapple_seeds":2,"minecraft:spruce_log":7,"minecraft:bow":1,"minecraft:wooden_pickaxe":1,"wardrobe:goat_fur":3},"minecraft:broken":{"minecraft:iron_boots":1,"minecraft:iron_helmet":1},"minecraft:custom":{"minecraft:animals_bred":1,"minecraft:interact_with_crafting_table":127,"minecraft:open_barrel":70,"minecraft:eat_cake_slice":7,"minecraft:leave_game":22,"minecraft:time_since_death":26091,"minecraft:sprint_one_cm":1004049,"minecraft:damage_blocked_by_shield":1140,"minecraft:drop":151,"minecraft:talked_to_villager":13,"minecraft:play_time":931330,"minecraft:deaths":65,"minecraft:jump":13691,"minecraft:walk_on_water_one_cm":174041,"minecraft:interact_with_furnace":148,"minecraft:sleep_in_bed":18,"minecraft:damage_dealt":32093,"minecraft:crouch_one_cm":112750,"tombstone:undead_killed":43,"minecraft:interact_with_smoker":6,"minecraft:inspect_dispenser":6,"minecraft:horse_one_cm":5442,"minecraft:mob_kills":170,"minecraft:interact_with_campfire":8,"minecraft:damage_dealt_resisted":436,"minecraft:climb_one_cm":29820,"minecraft:walk_one_cm":1965024,"minecraft:sneak_time":33855,"minecraft:walk_under_water_one_cm":122236,"minecraft:boat_one_cm":53691,"minecraft:interact_with_lectern":3,"minecraft:total_world_time":931330,"tombstone:raider_killed":22,"minecraft:tune_noteblock":9,"minecraft:time_since_rest":25825,"minecraft:damage_taken":31113,"minecraft:swim_one_cm":310331,"minecraft:fly_one_cm":2305797,"minecraft:open_chest":206,"minecraft:fall_one_cm":329056},"minecraft:killed":{"minecraft:witch":1,"minecraft:spider":10,"minecraft:skeleton":29,"aquaculture:atlantic_herring":1,"minecraft:illusioner":1,"minecraft:magma_cube":6,"minecraft:pig":1,"minecraft:zombie_villager":1,"minecraft:creeper":2,"naturalist:alligator":1,"minecraft:sheep":4,"minecraft:pillager":10,"minecraft:goat":1,"minecraft:zombie":43,"minecraft:cow":20,"minecraft:vindicator":17,"naturalist:tortoise":1,"minecraft:horse":3,"minecraft:drowned":4,"minecraft:husk":2,"aquaculture:synodontis":1,"minecraft:wither_skeleton":1},"minecraft:mined":{"minecraft:dark_oak_planks":32,"minecraft:white_bed":1,"minecraft:spruce_planks":42,"naturalist:chrysalis":1,"immersive_weathering:earthen_clay":1,"minecraft:jungle_slab":7,"minecraft:jungle_leaves":3,"minecraft:obsidian":1,"minecraft:grass_block":138,"ecologics:coconut_leaves":1,"minecraft:polished_blackstone_brick_slab":1,"minecraft:oxeye_daisy":6,"minecraft:spawner":10,"minecraft:polished_blackstone_bricks":1,"minecraft:tall_seagrass":1,"immersive_weathering:biomesoplenty/fir_leaf_pile":1,"minecraft:iron_ore":32,"minecraft:fire":90,"biomesoplenty:lavender":79,"minecraft:pumpkin":7,"minecraft:anvil":1,"minecraft:stripped_dark_oak_wood":3,"minecraft:azure_bluet":1,"minecraft:dark_oak_stairs":2,"biomesoplenty:glowshroom_block":1,"supplementaries:stick":30,"biomesoplenty:webbing":1,"immersive_weathering:loam":2,"minecraft:spruce_wood":1,"minecraft:spruce_slab":2,"minecraft:green_bed":1,"minecraft:tripwire":2,"biomesoplenty:willow_leaves":1,"immersive_weathering:oak_leaf_pile":102,"immersive_weathering:spruce_leaf_pile":19,"biomesoplenty:wildflower":1,"minecraft:orange_terracotta":3,"minecraft:chiseled_quartz_block":10,"minecraft:clay":18,"minecraft:torch":2,"minecraft:jungle_stairs":1,"minecraft:dark_oak_wood":7,"projectvibrantjourneys:twigs":3,"immersive_weathering:sandy_dirt":6,"minecraft:calcite":1,"minecraft:poppy":19,"minecraft:melon":10,"minecraft:chest":1,"minecraft:white_stained_glass_pane":2,"minecraft:dead_bush":5,"minecraft:mushroom_stem":1,"minecraft:cobblestone":18,"immersive_weathering:biomesoplenty/willow_leaf_pile":1,"minecraft:oak_planks":22,"minecraft:cyan_bed":2,"projectvibrantjourneys:fallen_leaves":3,"minecraft:sugar_cane":2,"minecraft:wall_torch":3,"minecraft:stone_stairs":1,"minecraft:cyan_wool":12,"minecraft:dark_oak_slab":1,"ecologics:seashell":1,"minecraft:wheat":12,"minecraft:tnt":2,"minecraft:grass":340,"minecraft:oak_log":5,"projectvibrantjourneys:short_grass":193,"immersive_weathering:grassy_earthen_clay":5,"minecraft:acacia_fence":1,"minecraft:smooth_quartz":6,"minecraft:sand":55,"minecraft:dirt":69,"minecraft:smooth_basalt":18,"minecraft:oak_leaves":22,"minecraft:deepslate":21,"minecraft:yellow_terracotta":2,"minecraft:crying_obsidian":1,"biomesoplenty:watergrass":3,"minecraft:mossy_cobblestone":14,"biomesoplenty:desert_grass":1,"minecraft:dark_oak_log":1,"projectvibrantjourneys:rocks":1,"minecraft:gray_stained_glass_pane":2,"immersive_weathering:birch_leaf_pile":2,"minecraft:ladder":1,"minecraft:allium":7,"minecraft:decorated_pot":1,"minecraft:jungle_planks":1,"minecraft:spruce_leaves":20,"biomesoplenty:dune_grass":2,"minecraft:kelp":1,"minecraft:large_fern":3,"minecraft:hay_block":19,"farmersdelight:wild_onions":8,"minecraft:furnace":4,"biomesoplenty:toadstool":1,"minecraft:andesite":15,"treechop:chopped_log":15,"biomesoplenty:sea_oats":5,"biomesoplenty:barley":8,"minecraft:stripped_oak_log":11,"immersive_weathering:grassy_sandy_dirt":6,"minecraft:stone":575,"minecraft:white_wool":1,"minecraft:gray_concrete":2,"minecraft:glass_pane":2,"pizzacraft:pineapple":2,"minecraft:oak_fence":1,"pizzacraft:oak_chopping_board":1,"minecraft:dandelion":1,"minecraft:crafting_table":1,"minecraft:emerald_ore":6,"minecraft:cyan_concrete_powder":1,"biomesoplenty:fir_planks":1,"minecraft:rose_bush":112,"minecraft:copper_ore":1,"minecraft:tall_grass":105,"biomesoplenty:sprout":2,"farmersdelight:wild_tomatoes":10,"minecraft:orange_carpet":1,"minecraft:spruce_stairs":13,"minecraft:birch_planks":13,"minecraft:purple_bed":3,"minecraft:coarse_dirt":5,"minecraft:sweet_berry_bush":5,"minecraft:ice":2,"minecraft:coal_ore":85,"biomesoplenty:fir_leaves":13,"minecraft:gravel":10,"minecraft:terracotta":3,"minecraft:acacia_planks":22,"minecraft:stone_bricks":16,"minecraft:fern":14},"minecraft:crafted":{"minecraft:brick":72,"securitycraft:mine":30,"minecraft:oak_planks":96,"hangglider:hang_glider":2,"pizzacraft:pizza_station":2,"minecraft:stone":4,"minecraft:diamond_leggings":1,"minecraft:iron_boots":1,"tombstone:grave_key":1,"minecraft:chest":9,"minecraft:bricks":18,"minecraft:stone_hoe":1,"wardrobe:bound_leather":8,"minecraft:wooden_shovel":1,"minecraft:cooked_porkchop":2,"minecraft:crafting_table":18,"minecraft:spruce_planks":316,"minecraft:wooden_pickaxe":3,"minecraft:spruce_door":6,"minecraft:campfire":1,"farmersdelight:beef_patty":16,"biomesoplenty:fir_planks":124,"aquaculture:iron_fillet_knife":1,"minecraft:tnt":13,"minecraft:purple_dye":1,"minecraft:charcoal":92,"minecraft:diamond_pickaxe":2,"minecraft:shield":2,"minecraft:stick":144,"minecraft:iron_ingot":33,"pizzacraft:iron_pizza_peel":1,"pizzacraft:flour":2,"minecraft:polished_andesite":8,"hangglider:glider_framework":2,"minecraft:furnace":6,"minecraft:bone_meal":18,"hangglider:glider_wing":4,"minecraft:spruce_fence":3,"minecraft:flint_and_steel":1,"minecraft:iron_axe":2,"minecraft:iron_hoe":2,"minecraft:spruce_slab":6,"pizzacraft:iron_knife":1,"minecraft:stone_pickaxe":1,"biomesoplenty:magic_planks":28,"minecraft:spruce_boat":1,"minecraft:dark_oak_planks":76,"minecraft:wheat":63,"minecraft:cooked_beef":21,"farmersdelight:cooked_mutton_chops":6,"minecraft:diamond_sword":2,"pizzacraft:oven":1,"minecraft:cyan_bed":2,"minecraft:bowl":4,"minecraft:stripped_oak_wood":6,"minecraft:bucket":2,"biomesoplenty:willow_planks":36,"minecraft:bread":11,"minecraft:jungle_planks":24,"minecraft:air":0,"securitycraft:dirt_mine":12,"minecraft:oak_boat":1,"biomesoplenty:fir_fence":18,"pizzacraft:andesite_basin":1,"minecraft:wooden_axe":2,"minecraft:iron_shovel":1,"minecraft:iron_leggings":1,"minecraft:white_bed":1,"pizzacraft:dough":2,"pizzacraft:oak_chopping_board":1,"minecraft:diamond_chestplate":1},"minecraft:picked_up":{"minecraft:iron_chestplate":16,"pizzacraft:rolling_pin":2,"minecraft:wheat":14,"aquaculture:synodontis":1,"minecraft:anvil":2,"minecraft:flower_pot":1,"minecraft:stone_slab":1,"minecraft:lead":6,"minecraft:diamond_sword":13,"minecraft:enchanted_book":3,"tombstone:grave_key":1,"minecraft:dark_oak_trapdoor":16,"minecraft:string":78,"pizzacraft:pineapple":2,"minecraft:raw_copper":4,"minecraft:iron_leggings":5,"minecraft:experience_bottle":1,"minecraft:diamond_leggings":7,"bosses_of_mass_destruction:soul_star":4,"minecraft:gold_nugget":114,"minecraft:cobbled_deepslate":21,"biomesoplenty:fir_planks":231,"minecraft:bucket":1,"minecraft:spruce_planks":160,"minecraft:rose_bush":95,"minecraft:calcite":1,"minecraft:smooth_quartz":12,"minecraft:enchanted_golden_apple":2,"hangglider:hang_glider":1,"minecraft:melon_slice":160,"ecologics:crab_claw":1,"minecraft:iron_boots":14,"minecraft:furnace":4,"minecraft:tipped_arrow":2,"minecraft:stick":308,"minecraft:polished_blackstone_brick_slab":2,"pizzacraft:raw_pizza":17,"pizzacraft:pineapple_seeds":8,"minecraft:acacia_fence":2,"minecraft:oak_fence":7,"minecraft:torch":107,"minecraft:acacia_log":1,"ecologics:coconut_seedling":2,"minecraft:green_bed":4,"minecraft:spruce_stairs":9,"hangglider:glider_framework":2,"minecraft:porkchop":2,"tombstone:grave_dust":3,"immersive_weathering:oak_bark":11,"minecraft:rotten_flesh":66,"pizzacraft:iron_pizza_peel":1,"minecraft:vex_armor_trim_smithing_template":4,"farmersdelight:onion":17,"pizzacraft:pizza_slice":3,"farmersdelight:rope":18,"supplementaries:ash":36,"minecraft:obsidian":1,"minecraft:cobblestone":730,"biomesoplenty:lavender":68,"minecraft:lilac":1,"minecraft:feather":1,"minecraft:cooked_beef":5,"pizzacraft:pepper_seeds":4,"minecraft:andesite":23,"minecraft:jungle_log":10,"projectvibrantjourneys:fallen_leaves":7,"minecraft:orange_carpet":5,"immersive_weathering:sandy_dirt":21,"minecraft:chiseled_quartz_block":18,"biomesoplenty:glowshroom":2,"minecraft:potato":11,"biomesoplenty:fir_sapling":49,"biomesoplenty:fir_log":123,"pizzacraft:oak_chopping_board":1,"minecraft:flint":123,"projectvibrantjourneys:oak_hollow_log":2,"minecraft:map":6,"minecraft:gray_concrete":2,"minecraft:cyan_concrete_powder":1,"farmersdelight:tomato":3,"minecraft:dirt":484,"minecraft:bone":134,"farmersdelight:iron_knife":2,"minecraft:acacia_planks":20,"minecraft:bow":7,"minecraft:wheat_seeds":275,"pizzacraft:tomato":14,"minecraft:diamond_helmet":14,"pizzacraft:tomato_sauce":1,"minecraft:oak_planks":124,"immersive_weathering:tallow":2,"pizzacraft:pizza":1,"biomesoplenty:magic_sapling":2,"wardrobe:hardened_leather":4,"minecraft:cooked_porkchop":3,"securitycraft:dirt_mine":18,"minecraft:sand":56,"minecraft:jungle_planks":3,"ecologics:coconut_husk":1,"biomesoplenty:fir_fence":2,"minecraft:cyan_bed":2,"minecraft:jungle_slab":5,"minecraft:dark_oak_log":4,"minecraft:barrel":6,"farmersdelight:cooked_mutton_chops":32,"minecraft:mossy_cobblestone":12,"pizzacraft:onion":2,"minecraft:sugar":3,"biomesoplenty:willow_log":9,"minecraft:diamond":130,"biomesoplenty:magic_planks":4,"minecraft:golden_apple":5,"minecraft:bread":96,"minecraft:emerald":312,"pizzacraft:iron_knife":1,"minecraft:oak_sapling":56,"minecraft:diamond_pickaxe":11,"minecraft:charcoal":2,"minecraft:crafting_table":4,"minecraft:coarse_dirt":5,"minecraft:allium":24,"minecraft:azure_bluet":1,"minecraft:chicken":6,"minecraft:ladder":1,"minecraft:clay_ball":68,"minecraft:turtle_helmet":4,"minecraft:redstone_lamp":14,"ecologics:seashell":1,"minecraft:wooden_pickaxe":1,"biomesoplenty:jacaranda_sapling":4,"minecraft:shield":13,"minecraft:stone_stairs":1,"minecraft:moss_carpet":1,"minecraft:elytra":1,"minecraft:flint_and_steel":1,"minecraft:item_frame":5,"minecraft:white_carpet":4,"minecraft:iron_shovel":1,"minecraft:cyan_carpet":1,"biomesoplenty:willow_planks":30,"minecraft:cartography_table":1,"farmersdelight:beef_patty":33,"minecraft:beef":39,"minecraft:cyan_wool":12,"minecraft:poppy":43,"minecraft:spruce_slab":4,"minecraft:minecart":2,"biomesoplenty:wildflower":1,"minecraft:sugar_cane":5,"minecraft:chest":5,"minecraft:birch_sapling":2,"minecraft:phantom_membrane":1,"pizzacraft:corn":3,"minecraft:raw_iron":41,"ecologics:coconut_slice":6,"projectvibrantjourneys:bark_mushroom":8,"minecraft:polished_blackstone_bricks":2,"farmersdelight:tomato_seeds":9,"minecraft:stone_button":9,"immersive_weathering:permafrost":1,"minecraft:purple_terracotta":1,"minecraft:dark_oak_planks":105,"minecraft:tnt":5,"pizzacraft:dough":2,"minecraft:arrow":49,"minecraft:stone_shovel":1,"minecraft:diamond_chestplate":5,"minecraft:cooked_cod":2,"biomesoplenty:jacaranda_log":3,"minecraft:decorated_pot":1,"minecraft:jungle_stairs":1,"biomesoplenty:willow_sapling":13,"aquaculture:brown_trout":2,"minecraft:black_banner":1,"minecraft:hay_block":41,"minecraft:stripped_dark_oak_wood":2,"minecraft:pink_tulip":2,"minecraft:gold_ingot":62,"minecraft:saddle":1,"minecraft:glistering_melon_slice":4,"minecraft:mutton":11,"minecraft:skeleton_skull":31,"minecraft:white_wool":5,"minecraft:oxeye_daisy":8,"minecraft:stripped_oak_log":13,"immersive_weathering:spruce_bark":3,"minecraft:leather":26,"minecraft:red_mushroom":1,"minecraft:birch_planks":13,"minecraft:oak_log":258,"minecraft:gunpowder":636,"aquaculture:rainbow_trout":1,"pizzacraft:broccoli_seeds":1,"minecraft:orange_terracotta":3,"minecraft:cooked_mutton":13,"minecraft:kelp":1,"minecraft:gray_carpet":17,"minecraft:apple":15,"minecraft:stone_bricks":37,"pizzacraft:cheese":3,"minecraft:spruce_wood":9,"wardrobe:goat_fur":3,"minecraft:iron_ingot":192,"minecraft:iron_ore":22,"biomesoplenty:magic_log":7,"minecraft:iron_sword":10,"minecraft:dark_oak_stairs":3,"minecraft:book":22,"projectvibrantjourneys:light_brown_bark_mushroom":18,"minecraft:dark_oak_slab":5,"minecraft:milk_bucket":3,"minecraft:smooth_basalt":19,"minecraft:pumpkin":7,"minecraft:sweet_berries":25,"minecraft:quartz":23,"minecraft:dandelion":1,"minecraft:gravel":16,"minecraft:spruce_sapling":23,"minecraft:white_bed":4,"minecraft:spruce_log":120,"minecraft:crying_obsidian":2,"minecraft:spider_eye":9,"minecraft:purple_bed":4,"minecraft:slime_ball":3,"immersive_weathering:earthen_clay":6,"minecraft:stone_axe":1,"minecraft:iron_helmet":5,"minecraft:painting":1,"minecraft:diamond_axe":2,"minecraft:lodestone":2,"tombstone:magic_scroll":2,"minecraft:terracotta":6,"minecraft:baked_potato":7,"projectvibrantjourneys:orange_bark_mushroom":13,"spelunkers_charm:rock":3,"minecraft:dark_oak_wood":26,"minecraft:coal":105,"minecraft:wooden_axe":3}},"DataVersion":3465}