{"stats":{"minecraft:mined":{"minecraft:dark_oak_planks":9,"minecraft:crying_obsidian":1,"minecraft:spruce_planks":1,"minecraft:white_bed":1,"minecraft:jungle_leaves":3,"minecraft:dark_oak_log":1,"minecraft:obsidian":1,"minecraft:grass_block":13,"ecologics:coconut_leaves":1,"minecraft:polished_blackstone_brick_slab":1,"minecraft:spruce_leaves":4,"minecraft:spawner":1,"minecraft:large_fern":1,"minecraft:polished_blackstone_bricks":1,"immersive_weathering:biomesoplenty/fir_leaf_pile":1,"biomesoplenty:toadstool":1,"minecraft:fire":16,"minecraft:andesite":7,"treechop:chopped_log":8,"minecraft:anvil":1,"minecraft:stripped_dark_oak_wood":3,"minecraft:spruce_wood":1,"minecraft:stone":32,"biomesoplenty:willow_leaves":1,"minecraft:green_bed":1,"immersive_weathering:oak_leaf_pile":11,"immersive_weathering:spruce_leaf_pile":2,"projectvibrantjourneys:twigs":2,"minecraft:calcite":1,"minecraft:white_stained_glass_pane":2,"minecraft:tall_grass":3,"minecraft:cobblestone":3,"immersive_weathering:biomesoplenty/willow_leaf_pile":1,"minecraft:sugar_cane":2,"minecraft:orange_carpet":1,"minecraft:stone_stairs":1,"minecraft:purple_bed":3,"minecraft:birch_planks":13,"minecraft:coarse_dirt":1,"ecologics:seashell":1,"minecraft:sweet_berry_bush":5,"minecraft:grass":17,"minecraft:coal_ore":3,"projectvibrantjourneys:short_grass":12,"biomesoplenty:fir_leaves":13,"minecraft:dirt":14,"minecraft:acacia_planks":22,"minecraft:stone_bricks":16,"minecraft:fern":4},"minecraft:killed":{"minecraft:spider":2,"minecraft:vindicator":5,"minecraft:skeleton":2,"minecraft:husk":2,"minecraft:pillager":1,"minecraft:zombie":12},"minecraft:killed_by":{"minecraft:husk":2,"minecraft:player":2,"minecraft:creeper":4,"minecraft:spider":1,"minecraft:pillager":2,"minecraft:vindicator":4,"minecraft:hoglin":1,"minecraft:skeleton":5,"minecraft:zombie":7},"minecraft:crafted":{"securitycraft:mine":6,"minecraft:furnace":1,"minecraft:spruce_fence":3,"minecraft:diamond_leggings":1,"minecraft:iron_axe":1,"minecraft:iron_hoe":1,"minecraft:stone_pickaxe":1,"minecraft:chest":2,"minecraft:dark_oak_planks":8,"minecraft:diamond_sword":1,"minecraft:crafting_table":6,"minecraft:spruce_planks":60,"minecraft:wooden_pickaxe":2,"minecraft:bucket":1,"biomesoplenty:willow_planks":36,"minecraft:air":0,"minecraft:jungle_planks":24,"biomesoplenty:fir_planks":124,"minecraft:charcoal":26,"minecraft:diamond_pickaxe":1,"minecraft:shield":1,"minecraft:stick":16,"minecraft:wooden_axe":2},"minecraft:used":{"minecraft:acacia_log":1,"minecraft:chest":3,"aquaculture:brown_trout":1,"minecraft:spruce_planks":5,"minecraft:shield":1,"minecraft:iron_sword":79,"minecraft:rotten_flesh":7,"minecraft:iron_chestplate":2,"minecraft:dirt":41,"minecraft:jungle_planks":9,"minecraft:stone_stairs":1,"minecraft:diamond_helmet":2,"minecraft:spruce_fence":3,"minecraft:obsidian":1,"aquaculture:rainbow_trout":1,"minecraft:dark_oak_planks":16,"minecraft:wooden_axe":40,"projectvibrantjourneys:fallen_leaves":2,"minecraft:iron_axe":24,"minecraft:jungle_log":4,"minecraft:iron_boots":1,"minecraft:stone_bricks":2,"projectvibrantjourneys:orange_bark_mushroom":1,"minecraft:furnace":1,"minecraft:sweet_berries":2,"supplementaries:ash":3,"minecraft:oak_sapling":13,"ecologics:coconut_seedling":1,"minecraft:acacia_planks":18,"minecraft:calcite":1,"minecraft:cooked_mutton":3,"projectvibrantjourneys:light_brown_bark_mushroom":1,"minecraft:birch_planks":12,"minecraft:oak_planks":2,"minecraft:wooden_pickaxe":13,"biomesoplenty:fir_planks":5,"minecraft:green_bed":3,"biomesoplenty:willow_sapling":1,"minecraft:orange_carpet":1,"minecraft:crafting_table":7,"minecraft:white_bed":1,"minecraft:diamond_pickaxe":56,"minecraft:bread":13,"minecraft:melon_slice":30,"ecologics:coconut_slice":3,"minecraft:diamond_sword":26,"minecraft:cobblestone":11,"minecraft:purple_bed":1,"minecraft:cooked_porkchop":1,"minecraft:coarse_dirt":1,"minecraft:diamond_leggings":1},"minecraft:dropped":{"minecraft:iron_ingot":7,"minecraft:wheat_seeds":9,"minecraft:oak_log":27,"minecraft:diamond":25,"minecraft:crafting_table":1,"minecraft:iron_helmet":1,"minecraft:cobblestone":103,"minecraft:leather":3,"minecraft:apple":1,"minecraft:jungle_planks":1,"minecraft:elytra":1,"minecraft:coal":4,"minecraft:dirt":24,"minecraft:emerald":47,"minecraft:torch":62,"immersive_weathering:spruce_bark":2,"minecraft:diamond_helmet":1,"minecraft:polished_blackstone_brick_slab":1,"minecraft:polished_blackstone_bricks":1,"minecraft:iron_pickaxe":1,"minecraft:iron_shovel":1,"immersive_weathering:permafrost":1,"projectvibrantjourneys:bark_mushroom":1,"minecraft:bone":2,"minecraft:pink_tulip":1,"minecraft:stone_axe":1,"securitycraft:mine":6,"minecraft:sweet_berries":12,"minecraft:raw_iron":11,"minecraft:stone_shovel":1,"minecraft:chicken":1,"minecraft:stone_slab":1,"biomesoplenty:fir_planks":64,"minecraft:diamond_chestplate":1,"minecraft:iron_chestplate":1,"minecraft:purple_bed":2,"minecraft:oak_sapling":1,"minecraft:spider_eye":1,"minecraft:spruce_log":7,"minecraft:bow":1,"minecraft:arrow":4,"minecraft:wooden_pickaxe":1,"wardrobe:goat_fur":2},"minecraft:custom":{"minecraft:mob_kills":25,"minecraft:interact_with_crafting_table":32,"minecraft:open_barrel":21,"minecraft:damage_dealt_resisted":150,"minecraft:leave_game":8,"minecraft:time_since_death":16177,"minecraft:climb_one_cm":9824,"minecraft:sprint_one_cm":287407,"minecraft:walk_one_cm":638713,"minecraft:damage_blocked_by_shield":165,"minecraft:drop":49,"minecraft:talked_to_villager":10,"minecraft:play_time":252196,"minecraft:deaths":29,"minecraft:sneak_time":10085,"minecraft:walk_under_water_one_cm":17389,"minecraft:interact_with_lectern":3,"minecraft:jump":3006,"minecraft:walk_on_water_one_cm":48967,"minecraft:total_world_time":252196,"minecraft:interact_with_furnace":29,"minecraft:sleep_in_bed":7,"minecraft:time_since_rest":16246,"minecraft:damage_taken":10849,"minecraft:damage_dealt":5884,"minecraft:swim_one_cm":53885,"minecraft:fly_one_cm":468011,"minecraft:open_chest":63,"minecraft:crouch_one_cm":30046,"minecraft:fall_one_cm":76673,"minecraft:inspect_dispenser":1,"minecraft:horse_one_cm":1749},"minecraft:picked_up":{"minecraft:wooden_axe":3,"minecraft:coarse_dirt":1,"minecraft:crafting_table":2,"minecraft:iron_chestplate":11,"minecraft:chicken":1,"minecraft:anvil":2,"minecraft:lead":3,"minecraft:diamond_sword":3,"minecraft:stone_slab":1,"ecologics:seashell":1,"minecraft:wooden_pickaxe":1,"minecraft:shield":1,"minecraft:moss_carpet":1,"minecraft:string":24,"minecraft:elytra":1,"minecraft:stone_stairs":1,"minecraft:iron_shovel":1,"biomesoplenty:willow_planks":30,"minecraft:diamond_leggings":3,"minecraft:gold_nugget":104,"biomesoplenty:fir_planks":64,"minecraft:spruce_planks":16,"minecraft:calcite":1,"minecraft:minecart":2,"minecraft:melon_slice":33,"minecraft:sugar_cane":5,"minecraft:chest":1,"ecologics:crab_claw":1,"minecraft:iron_boots":5,"minecraft:tipped_arrow":2,"minecraft:polished_blackstone_brick_slab":2,"minecraft:stick":101,"minecraft:raw_iron":11,"ecologics:coconut_slice":6,"minecraft:green_bed":4,"projectvibrantjourneys:bark_mushroom":2,"minecraft:torch":62,"minecraft:acacia_log":1,"ecologics:coconut_seedling":2,"minecraft:spruce_stairs":1,"minecraft:polished_blackstone_bricks":2,"minecraft:stone_button":6,"immersive_weathering:permafrost":1,"minecraft:dark_oak_planks":16,"minecraft:arrow":20,"minecraft:stone_shovel":1,"minecraft:rotten_flesh":32,"biomesoplenty:willow_sapling":13,"farmersdelight:onion":10,"aquaculture:brown_trout":2,"minecraft:stripped_dark_oak_wood":2,"minecraft:pink_tulip":2,"minecraft:gold_ingot":44,"minecraft:glistering_melon_slice":4,"supplementaries:ash":6,"minecraft:obsidian":1,"minecraft:skeleton_skull":22,"minecraft:cobblestone":167,"minecraft:feather":1,"immersive_weathering:spruce_bark":3,"minecraft:andesite":12,"minecraft:jungle_log":10,"projectvibrantjourneys:fallen_leaves":2,"minecraft:orange_carpet":5,"minecraft:leather":3,"minecraft:potato":10,"minecraft:birch_planks":13,"biomesoplenty:fir_sapling":48,"biomesoplenty:fir_log":123,"minecraft:flint":112,"minecraft:oak_log":157,"minecraft:gunpowder":548,"aquaculture:rainbow_trout":1,"minecraft:map":6,"minecraft:dirt":87,"minecraft:cooked_mutton":7,"minecraft:bone":38,"minecraft:acacia_planks":20,"minecraft:apple":3,"minecraft:stone_bricks":37,"minecraft:bow":1,"minecraft:wheat_seeds":155,"minecraft:spruce_wood":9,"wardrobe:goat_fur":2,"minecraft:iron_ingot":90,"minecraft:diamond_helmet":11,"minecraft:iron_sword":7,"minecraft:oak_planks":18,"minecraft:dark_oak_stairs":2,"minecraft:book":5,"projectvibrantjourneys:light_brown_bark_mushroom":1,"minecraft:cooked_porkchop":1,"minecraft:sweet_berries":25,"minecraft:jungle_planks":2,"ecologics:coconut_husk":1,"minecraft:white_bed":3,"minecraft:spruce_log":24,"minecraft:crying_obsidian":2,"minecraft:dark_oak_log":4,"minecraft:spider_eye":4,"minecraft:purple_bed":4,"minecraft:slime_ball":3,"biomesoplenty:willow_log":9,"minecraft:diamond":90,"minecraft:stone_axe":1,"minecraft:emerald":155,"minecraft:bread":9,"minecraft:lodestone":2,"minecraft:baked_potato":7,"projectvibrantjourneys:orange_bark_mushroom":4,"minecraft:oak_sapling":16,"minecraft:coal":16,"minecraft:diamond_pickaxe":3}},"DataVersion":3465}