{"stats":{"minecraft:mined":{"minecraft:dark_oak_planks":9,"minecraft:crying_obsidian":1,"minecraft:spruce_planks":1,"minecraft:dark_oak_log":1,"minecraft:obsidian":1,"minecraft:grass_block":10,"ecologics:coconut_leaves":1,"minecraft:spruce_leaves":3,"minecraft:large_fern":1,"immersive_weathering:biomesoplenty/fir_leaf_pile":1,"biomesoplenty:toadstool":1,"treechop:chopped_log":5,"minecraft:stripped_dark_oak_wood":3,"minecraft:stone":13,"minecraft:green_bed":1,"biomesoplenty:willow_leaves":1,"immersive_weathering:spruce_leaf_pile":2,"projectvibrantjourneys:twigs":2,"immersive_weathering:biomesoplenty/willow_leaf_pile":1,"minecraft:sugar_cane":2,"minecraft:orange_carpet":1,"minecraft:purple_bed":3,"minecraft:birch_planks":13,"minecraft:coarse_dirt":1,"ecologics:seashell":1,"minecraft:sweet_berry_bush":5,"minecraft:grass":8,"projectvibrantjourneys:short_grass":6,"biomesoplenty:fir_leaves":13,"minecraft:dirt":9,"minecraft:acacia_planks":22,"minecraft:fern":2},"minecraft:killed":{"minecraft:vindicator":5,"minecraft:spider":1,"minecraft:pillager":1,"minecraft:zombie":6},"minecraft:killed_by":{"minecraft:player":1,"minecraft:creeper":3,"minecraft:spider":1,"minecraft:pillager":2,"minecraft:vindicator":4,"minecraft:hoglin":1,"minecraft:skeleton":5,"minecraft:zombie":7},"minecraft:crafted":{"minecraft:diamond_leggings":1,"minecraft:stone_pickaxe":1,"minecraft:dark_oak_planks":8,"minecraft:diamond_sword":1,"minecraft:crafting_table":3,"minecraft:spruce_planks":44,"minecraft:wooden_pickaxe":2,"biomesoplenty:willow_planks":36,"biomesoplenty:fir_planks":124,"minecraft:diamond_pickaxe":1,"minecraft:stick":8,"minecraft:wooden_axe":2},"minecraft:used":{"minecraft:spruce_planks":5,"minecraft:iron_sword":24,"minecraft:rotten_flesh":7,"minecraft:iron_chestplate":2,"minecraft:dirt":25,"minecraft:diamond_helmet":2,"minecraft:obsidian":1,"minecraft:wooden_axe":40,"minecraft:dark_oak_planks":16,"projectvibrantjourneys:fallen_leaves":1,"minecraft:iron_boots":1,"minecraft:sweet_berries":2,"supplementaries:ash":1,"ecologics:coconut_seedling":1,"minecraft:acacia_planks":18,"minecraft:birch_planks":12,"minecraft:oak_planks":2,"minecraft:wooden_pickaxe":13,"biomesoplenty:fir_planks":5,"minecraft:green_bed":3,"biomesoplenty:willow_sapling":1,"minecraft:crafting_table":4,"minecraft:diamond_pickaxe":2,"minecraft:bread":8,"ecologics:coconut_slice":3,"minecraft:diamond_sword":26,"minecraft:cobblestone":2,"minecraft:purple_bed":1,"minecraft:cooked_porkchop":1,"minecraft:coarse_dirt":1,"minecraft:diamond_leggings":1},"minecraft:dropped":{"minecraft:oak_log":27,"minecraft:crafting_table":1,"minecraft:cobblestone":64,"minecraft:leather":3,"minecraft:apple":1,"minecraft:elytra":1,"minecraft:coal":4,"minecraft:dirt":24,"minecraft:torch":62,"minecraft:diamond_helmet":1,"minecraft:iron_shovel":1,"immersive_weathering:permafrost":1,"projectvibrantjourneys:bark_mushroom":1,"minecraft:bone":2,"minecraft:stone_axe":1,"minecraft:sweet_berries":12,"minecraft:raw_iron":11,"minecraft:stone_shovel":1,"minecraft:stone_slab":1,"minecraft:purple_bed":2,"minecraft:oak_sapling":1,"minecraft:spruce_log":7,"minecraft:arrow":4,"minecraft:wooden_pickaxe":1,"wardrobe:goat_fur":2},"minecraft:custom":{"minecraft:mob_kills":14,"minecraft:interact_with_crafting_table":14,"minecraft:open_barrel":11,"minecraft:damage_dealt_resisted":150,"minecraft:leave_game":7,"minecraft:time_since_death":20452,"minecraft:climb_one_cm":7138,"minecraft:sprint_one_cm":159950,"minecraft:walk_one_cm":396793,"minecraft:drop":28,"minecraft:talked_to_villager":10,"minecraft:play_time":181252,"minecraft:deaths":24,"minecraft:sneak_time":6616,"minecraft:walk_under_water_one_cm":8029,"minecraft:jump":1799,"minecraft:walk_on_water_one_cm":39902,"minecraft:total_world_time":181252,"minecraft:interact_with_furnace":2,"minecraft:sleep_in_bed":5,"minecraft:time_since_rest":6018,"minecraft:damage_taken":8221,"minecraft:damage_dealt":3199,"minecraft:swim_one_cm":43245,"minecraft:fly_one_cm":275371,"minecraft:open_chest":16,"minecraft:crouch_one_cm":16832,"minecraft:fall_one_cm":37927,"minecraft:inspect_dispenser":1},"minecraft:picked_up":{"minecraft:wooden_axe":3,"minecraft:coarse_dirt":1,"minecraft:crafting_table":2,"minecraft:iron_chestplate":5,"ecologics:seashell":1,"minecraft:stone_slab":1,"minecraft:diamond_sword":3,"minecraft:wooden_pickaxe":1,"minecraft:elytra":1,"minecraft:iron_shovel":1,"biomesoplenty:willow_planks":30,"minecraft:gold_nugget":26,"minecraft:spruce_planks":2,"minecraft:sugar_cane":5,"ecologics:crab_claw":1,"minecraft:iron_boots":2,"minecraft:stick":78,"minecraft:raw_iron":11,"ecologics:coconut_slice":6,"projectvibrantjourneys:bark_mushroom":2,"ecologics:coconut_seedling":2,"minecraft:torch":62,"minecraft:green_bed":4,"immersive_weathering:permafrost":1,"minecraft:dark_oak_planks":16,"minecraft:arrow":11,"minecraft:rotten_flesh":17,"minecraft:stone_shovel":1,"biomesoplenty:willow_sapling":13,"aquaculture:brown_trout":1,"minecraft:stripped_dark_oak_wood":2,"minecraft:pink_tulip":1,"minecraft:gold_ingot":40,"supplementaries:ash":2,"minecraft:obsidian":1,"minecraft:skeleton_skull":13,"minecraft:cobblestone":91,"projectvibrantjourneys:fallen_leaves":1,"minecraft:orange_carpet":4,"minecraft:leather":3,"biomesoplenty:fir_sapling":27,"minecraft:birch_planks":13,"biomesoplenty:fir_log":123,"minecraft:flint":64,"minecraft:oak_log":36,"minecraft:gunpowder":428,"minecraft:dirt":66,"minecraft:bone":8,"minecraft:acacia_planks":20,"minecraft:apple":1,"minecraft:wheat_seeds":5,"wardrobe:goat_fur":2,"minecraft:iron_ingot":48,"minecraft:diamond_helmet":8,"minecraft:oak_planks":18,"minecraft:iron_sword":4,"minecraft:book":5,"minecraft:cooked_porkchop":1,"minecraft:sweet_berries":25,"ecologics:coconut_husk":1,"minecraft:spruce_log":24,"minecraft:crying_obsidian":1,"minecraft:dark_oak_log":1,"minecraft:purple_bed":4,"biomesoplenty:willow_log":9,"minecraft:diamond":56,"minecraft:stone_axe":1,"minecraft:emerald":106,"minecraft:bread":9,"projectvibrantjourneys:orange_bark_mushroom":1,"minecraft:oak_sapling":3,"minecraft:coal":4}},"DataVersion":3465}