{"stats":{"minecraft:custom":{"minecraft:interact_with_crafting_table":47,"minecraft:open_barrel":21,"minecraft:eat_cake_slice":7,"minecraft:leave_game":9,"minecraft:time_since_death":41104,"minecraft:sprint_one_cm":474498,"minecraft:damage_blocked_by_shield":165,"minecraft:drop":60,"minecraft:talked_to_villager":11,"minecraft:play_time":385556,"minecraft:deaths":38,"minecraft:jump":6222,"minecraft:walk_on_water_one_cm":49902,"minecraft:interact_with_furnace":65,"minecraft:sleep_in_bed":7,"minecraft:damage_dealt":11532,"minecraft:crouch_one_cm":49984,"minecraft:interact_with_smoker":6,"minecraft:inspect_dispenser":3,"minecraft:horse_one_cm":5442,"minecraft:mob_kills":53,"minecraft:damage_dealt_resisted":150,"minecraft:climb_one_cm":29602,"minecraft:walk_one_cm":988689,"minecraft:sneak_time":16343,"minecraft:walk_under_water_one_cm":25167,"minecraft:interact_with_lectern":3,"minecraft:total_world_time":385556,"minecraft:tune_noteblock":1,"minecraft:time_since_rest":41134,"minecraft:damage_taken":16216,"minecraft:swim_one_cm":70952,"minecraft:fly_one_cm":924182,"minecraft:open_chest":154,"minecraft:fall_one_cm":145645},"minecraft:dropped":{"minecraft:iron_sword":1,"minecraft:oak_log":27,"minecraft:diamond":25,"minecraft:crafting_table":1,"minecraft:leather":3,"minecraft:jungle_planks":1,"minecraft:elytra":1,"farmersdelight:beef_patty":1,"minecraft:red_mushroom":1,"minecraft:emerald":47,"minecraft:dirt":24,"immersive_weathering:spruce_bark":2,"minecraft:polished_blackstone_bricks":1,"minecraft:iron_pickaxe":1,"projectvibrantjourneys:bark_mushroom":1,"minecraft:bone":2,"minecraft:stone_axe":1,"securitycraft:dirt_mine":3,"minecraft:spruce_slab":1,"minecraft:arrow":5,"minecraft:iron_ingot":8,"minecraft:wheat_seeds":9,"minecraft:iron_helmet":1,"minecraft:cobblestone":103,"minecraft:apple":1,"minecraft:coal":4,"minecraft:torch":62,"minecraft:diamond_helmet":2,"minecraft:polished_blackstone_brick_slab":1,"minecraft:iron_shovel":1,"immersive_weathering:permafrost":1,"minecraft:pink_tulip":1,"securitycraft:mine":6,"minecraft:sweet_berries":12,"minecraft:stone_shovel":1,"minecraft:raw_iron":11,"minecraft:chicken":1,"minecraft:stone_slab":1,"biomesoplenty:fir_planks":64,"minecraft:diamond_chestplate":1,"minecraft:iron_chestplate":2,"minecraft:purple_bed":2,"minecraft:oak_sapling":1,"minecraft:spider_eye":1,"minecraft:spruce_log":7,"minecraft:bow":1,"minecraft:wooden_pickaxe":1,"wardrobe:goat_fur":2},"minecraft:killed":{"minecraft:spider":3,"minecraft:skeleton":15,"minecraft:magma_cube":6,"minecraft:pillager":1,"minecraft:zombie":19,"minecraft:vindicator":6,"minecraft:husk":2},"minecraft:used":{"minecraft:spruce_slab":3,"minecraft:ladder":1,"aquaculture:brown_trout":1,"minecraft:decorated_pot":1,"minecraft:chest":6,"minecraft:shield":1,"minecraft:iron_sword":81,"minecraft:rotten_flesh":8,"minecraft:iron_chestplate":2,"minecraft:jungle_planks":9,"minecraft:obsidian":1,"aquaculture:rainbow_trout":1,"immersive_weathering:earthen_clay":5,"minecraft:iron_helmet":1,"minecraft:stone_bricks":2,"minecraft:item_frame":1,"minecraft:redstone_lamp":14,"minecraft:hay_block":5,"minecraft:sweet_berries":2,"supplementaries:ash":3,"minecraft:oak_sapling":14,"minecraft:furnace":1,"minecraft:acacia_fence":1,"biomesoplenty:fir_fence":16,"projectvibrantjourneys:light_brown_bark_mushroom":5,"minecraft:oak_planks":76,"minecraft:wooden_pickaxe":13,"biomesoplenty:fir_planks":5,"biomesoplenty:willow_sapling":1,"minecraft:sand":1,"minecraft:chiseled_quartz_block":9,"minecraft:gray_concrete":1,"minecraft:melon_slice":44,"minecraft:bread":31,"ecologics:coconut_slice":3,"minecraft:diamond_sword":139,"minecraft:coarse_dirt":1,"minecraft:experience_bottle":1,"minecraft:acacia_log":1,"minecraft:spruce_planks":5,"minecraft:torch":2,"minecraft:stick":184,"minecraft:dirt":59,"projectvibrantjourneys:bark_mushroom":4,"minecraft:stone_stairs":1,"minecraft:diamond_helmet":2,"minecraft:spruce_fence":3,"farmersdelight:beef_patty":2,"minecraft:dark_oak_planks":16,"minecraft:wooden_axe":40,"projectvibrantjourneys:fallen_leaves":3,"minecraft:iron_axe":24,"minecraft:jungle_log":4,"minecraft:iron_boots":1,"minecraft:smooth_quartz":6,"minecraft:diamond_chestplate":1,"projectvibrantjourneys:orange_bark_mushroom":2,"securitycraft:dirt_mine":2,"farmersdelight:cooked_mutton_chops":4,"ecologics:coconut_seedling":1,"minecraft:acacia_planks":18,"projectvibrantjourneys:oak_hollow_log":1,"minecraft:calcite":1,"minecraft:cooked_mutton":3,"minecraft:birch_planks":12,"minecraft:green_bed":3,"minecraft:orange_carpet":1,"minecraft:crafting_table":8,"minecraft:white_bed":1,"biomesoplenty:wildflower":1,"minecraft:flower_pot":1,"minecraft:diamond_pickaxe":102,"minecraft:cobblestone":22,"minecraft:purple_bed":1,"minecraft:cooked_porkchop":3,"minecraft:diamond_leggings":1},"minecraft:mined":{"minecraft:dark_oak_planks":9,"minecraft:spruce_planks":1,"minecraft:white_bed":1,"immersive_weathering:earthen_clay":1,"minecraft:jungle_leaves":3,"minecraft:obsidian":1,"minecraft:grass_block":17,"ecologics:coconut_leaves":1,"minecraft:polished_blackstone_brick_slab":1,"minecraft:spawner":2,"minecraft:polished_blackstone_bricks":1,"immersive_weathering:biomesoplenty/fir_leaf_pile":1,"minecraft:fire":80,"minecraft:anvil":1,"minecraft:stripped_dark_oak_wood":3,"minecraft:azure_bluet":1,"supplementaries:stick":30,"minecraft:spruce_wood":1,"minecraft:spruce_slab":2,"minecraft:tripwire":2,"minecraft:green_bed":1,"biomesoplenty:willow_leaves":1,"immersive_weathering:oak_leaf_pile":11,"immersive_weathering:spruce_leaf_pile":2,"biomesoplenty:wildflower":1,"minecraft:chiseled_quartz_block":10,"projectvibrantjourneys:twigs":2,"minecraft:calcite":1,"minecraft:white_stained_glass_pane":2,"minecraft:cobblestone":5,"immersive_weathering:biomesoplenty/willow_leaf_pile":1,"minecraft:sugar_cane":2,"projectvibrantjourneys:fallen_leaves":1,"minecraft:oak_planks":17,"minecraft:stone_stairs":1,"ecologics:seashell":1,"minecraft:grass":21,"minecraft:oak_log":5,"projectvibrantjourneys:short_grass":15,"immersive_weathering:grassy_earthen_clay":4,"minecraft:acacia_fence":1,"minecraft:dirt":15,"minecraft:sand":2,"minecraft:smooth_quartz":6,"minecraft:oak_leaves":10,"minecraft:yellow_terracotta":2,"minecraft:crying_obsidian":1,"minecraft:dark_oak_log":1,"biomesoplenty:desert_grass":1,"minecraft:ladder":1,"minecraft:allium":1,"minecraft:decorated_pot":1,"minecraft:spruce_leaves":4,"minecraft:large_fern":1,"minecraft:hay_block":12,"biomesoplenty:toadstool":1,"minecraft:andesite":7,"treechop:chopped_log":8,"minecraft:stone":41,"minecraft:gray_concrete":2,"minecraft:glass_pane":2,"minecraft:tall_grass":3,"minecraft:orange_carpet":1,"minecraft:purple_bed":3,"minecraft:birch_planks":13,"minecraft:coarse_dirt":1,"minecraft:sweet_berry_bush":5,"minecraft:coal_ore":3,"biomesoplenty:fir_leaves":13,"minecraft:acacia_planks":22,"minecraft:stone_bricks":16,"minecraft:fern":4},"minecraft:crafted":{"minecraft:oak_planks":20,"securitycraft:mine":18,"minecraft:diamond_leggings":1,"minecraft:iron_boots":1,"minecraft:chest":2,"minecraft:wooden_shovel":1,"minecraft:crafting_table":7,"minecraft:spruce_planks":60,"minecraft:wooden_pickaxe":2,"farmersdelight:beef_patty":16,"biomesoplenty:fir_planks":124,"minecraft:diamond_pickaxe":2,"minecraft:charcoal":91,"minecraft:shield":1,"minecraft:stick":112,"minecraft:iron_ingot":13,"minecraft:furnace":1,"minecraft:spruce_fence":3,"minecraft:iron_axe":1,"minecraft:iron_hoe":1,"minecraft:stone_pickaxe":1,"minecraft:dark_oak_planks":12,"minecraft:diamond_sword":2,"farmersdelight:cooked_mutton_chops":6,"minecraft:bucket":1,"biomesoplenty:willow_planks":36,"minecraft:air":0,"minecraft:jungle_planks":24,"securitycraft:dirt_mine":12,"biomesoplenty:fir_fence":18,"minecraft:wooden_axe":2,"minecraft:iron_leggings":1,"minecraft:diamond_chestplate":1},"minecraft:picked_up":{"minecraft:wooden_axe":3,"minecraft:iron_chestplate":15,"minecraft:flower_pot":1,"minecraft:anvil":2,"minecraft:stone_slab":1,"minecraft:lead":5,"minecraft:diamond_sword":11,"minecraft:enchanted_book":2,"minecraft:string":62,"minecraft:iron_leggings":4,"minecraft:experience_bottle":1,"minecraft:diamond_leggings":6,"minecraft:gold_nugget":104,"biomesoplenty:fir_planks":229,"minecraft:spruce_planks":16,"minecraft:calcite":1,"minecraft:smooth_quartz":12,"minecraft:enchanted_golden_apple":2,"hangglider:hang_glider":1,"minecraft:melon_slice":117,"ecologics:crab_claw":1,"minecraft:iron_boots":12,"minecraft:polished_blackstone_brick_slab":2,"minecraft:tipped_arrow":2,"minecraft:stick":249,"minecraft:acacia_fence":2,"minecraft:acacia_log":1,"minecraft:torch":94,"ecologics:coconut_seedling":2,"minecraft:green_bed":4,"minecraft:spruce_stairs":1,"hangglider:glider_framework":2,"minecraft:rotten_flesh":42,"farmersdelight:onion":10,"minecraft:vex_armor_trim_smithing_template":4,"farmersdelight:rope":18,"supplementaries:ash":9,"minecraft:obsidian":1,"minecraft:cobblestone":186,"minecraft:feather":1,"minecraft:cooked_beef":1,"minecraft:andesite":12,"minecraft:jungle_log":10,"projectvibrantjourneys:fallen_leaves":3,"minecraft:orange_carpet":5,"minecraft:chiseled_quartz_block":18,"minecraft:potato":11,"biomesoplenty:fir_sapling":48,"biomesoplenty:fir_log":123,"minecraft:flint":112,"projectvibrantjourneys:oak_hollow_log":2,"minecraft:gray_concrete":2,"minecraft:map":6,"minecraft:dirt":206,"minecraft:bone":111,"farmersdelight:iron_knife":2,"minecraft:acacia_planks":20,"minecraft:bow":7,"minecraft:wheat_seeds":162,"minecraft:diamond_helmet":14,"minecraft:oak_planks":119,"minecraft:cooked_porkchop":3,"securitycraft:dirt_mine":18,"minecraft:jungle_planks":2,"minecraft:sand":3,"ecologics:coconut_husk":1,"biomesoplenty:fir_fence":2,"minecraft:dark_oak_log":4,"farmersdelight:cooked_mutton_chops":4,"biomesoplenty:willow_log":9,"minecraft:diamond":130,"minecraft:golden_apple":5,"minecraft:bread":88,"minecraft:emerald":268,"minecraft:oak_sapling":23,"minecraft:diamond_pickaxe":10,"minecraft:coarse_dirt":1,"minecraft:crafting_table":2,"minecraft:allium":1,"minecraft:azure_bluet":1,"minecraft:chicken":1,"minecraft:ladder":1,"minecraft:turtle_helmet":4,"minecraft:redstone_lamp":14,"ecologics:seashell":1,"minecraft:wooden_pickaxe":1,"minecraft:shield":11,"minecraft:elytra":1,"minecraft:stone_stairs":1,"minecraft:moss_carpet":1,"minecraft:flint_and_steel":1,"minecraft:item_frame":5,"minecraft:white_carpet":4,"minecraft:iron_shovel":1,"biomesoplenty:willow_planks":30,"farmersdelight:beef_patty":28,"minecraft:spruce_slab":4,"minecraft:minecart":2,"biomesoplenty:wildflower":1,"minecraft:sugar_cane":5,"minecraft:chest":1,"minecraft:birch_sapling":1,"minecraft:raw_iron":11,"ecologics:coconut_slice":6,"projectvibrantjourneys:bark_mushroom":6,"minecraft:polished_blackstone_bricks":2,"minecraft:stone_button":6,"immersive_weathering:permafrost":1,"minecraft:dark_oak_planks":22,"minecraft:diamond_chestplate":4,"minecraft:arrow":37,"minecraft:stone_shovel":1,"minecraft:decorated_pot":1,"biomesoplenty:willow_sapling":13,"aquaculture:brown_trout":2,"minecraft:hay_block":34,"minecraft:stripped_dark_oak_wood":2,"minecraft:pink_tulip":2,"minecraft:glistering_melon_slice":4,"minecraft:saddle":1,"minecraft:gold_ingot":62,"minecraft:mutton":2,"minecraft:skeleton_skull":28,"immersive_weathering:spruce_bark":3,"minecraft:leather":3,"minecraft:red_mushroom":1,"minecraft:birch_planks":13,"minecraft:oak_log":182,"minecraft:gunpowder":598,"aquaculture:rainbow_trout":1,"minecraft:cooked_mutton":13,"minecraft:apple":10,"minecraft:stone_bricks":37,"minecraft:spruce_wood":9,"wardrobe:goat_fur":2,"minecraft:iron_ingot":114,"minecraft:iron_ore":22,"minecraft:iron_sword":9,"minecraft:dark_oak_stairs":2,"minecraft:book":5,"projectvibrantjourneys:light_brown_bark_mushroom":15,"minecraft:sweet_berries":25,"minecraft:white_bed":4,"minecraft:spruce_log":24,"minecraft:crying_obsidian":2,"minecraft:spider_eye":4,"minecraft:purple_bed":4,"minecraft:slime_ball":3,"immersive_weathering:earthen_clay":5,"minecraft:stone_axe":1,"minecraft:iron_helmet":4,"minecraft:diamond_axe":2,"minecraft:lodestone":2,"minecraft:baked_potato":7,"projectvibrantjourneys:orange_bark_mushroom":9,"minecraft:dark_oak_wood":1,"minecraft:coal":23},"minecraft:killed_by":{"minecraft:creeper":6,"minecraft:pillager":2,"minecraft:vindicator":5,"minecraft:zombie":8,"minecraft:husk":2,"minecraft:player":3,"minecraft:spider":1,"minecraft:hoglin":1,"minecraft:skeleton":6}},"DataVersion":3465}