{"stats":{"minecraft:used":{"projectvibrantjourneys:fallen_leaves":1,"ecologics:coconut_slice":2},"minecraft:custom":{"minecraft:jump":136,"minecraft:time_since_rest":23251,"minecraft:crouch_one_cm":228,"minecraft:damage_taken":90,"minecraft:sprint_one_cm":16812,"minecraft:play_time":23251,"minecraft:walk_on_water_one_cm":10,"minecraft:time_since_death":23251,"minecraft:walk_one_cm":14640,"minecraft:sneak_time":27,"minecraft:climb_one_cm":947,"minecraft:total_world_time":23251,"minecraft:fall_one_cm":4145,"minecraft:fly_one_cm":32847},"minecraft:picked_up":{"ecologics:coconut_slice":2,"projectvibrantjourneys:fallen_leaves":1,"minecraft:sugar_cane":5,"ecologics:coconut_seedling":1},"minecraft:mined":{"minecraft:sugar_cane":2}},"DataVersion":3465}