{"stats":{"minecraft:killed_by":{"minecraft:pillager":2,"minecraft:vindicator":5,"minecraft:zombie":14,"minecraft:husk":3,"minecraft:creeper":10,"minecraft:player":3,"minecraft:spider":2,"minecraft:hoglin":1,"minecraft:skeleton":14,"naturalist:bear":1},"minecraft:custom":{"minecraft:interact_with_crafting_table":129,"minecraft:open_barrel":79,"minecraft:eat_cake_slice":7,"minecraft:leave_game":23,"minecraft:time_since_death":2010,"minecraft:damage_blocked_by_shield":1140,"minecraft:play_time":973071,"minecraft:deaths":72,"minecraft:jump":14247,"minecraft:interact_with_furnace":148,"minecraft:sleep_in_bed":18,"minecraft:damage_dealt":33747,"tombstone:undead_killed":50,"minecraft:interact_with_smoker":6,"minecraft:inspect_dispenser":6,"minecraft:horse_one_cm":5442,"minecraft:sneak_time":34015,"minecraft:interact_with_lectern":3,"minecraft:total_world_time":973071,"tombstone:raider_killed":23,"minecraft:tune_noteblock":9,"minecraft:time_since_rest":1059,"minecraft:swim_one_cm":320312,"minecraft:fly_one_cm":2456951,"minecraft:open_chest":210,"minecraft:fall_one_cm":338790,"minecraft:animals_bred":1,"minecraft:damage_resisted":144,"minecraft:sprint_one_cm":1045352,"minecraft:drop":169,"minecraft:talked_to_villager":14,"minecraft:walk_on_water_one_cm":177714,"minecraft:crouch_one_cm":113189,"minecraft:mob_kills":179,"minecraft:interact_with_campfire":8,"minecraft:damage_dealt_resisted":651,"minecraft:climb_one_cm":29820,"minecraft:walk_one_cm":2046947,"minecraft:walk_under_water_one_cm":135394,"minecraft:boat_one_cm":53691,"minecraft:damage_taken":33731},"minecraft:killed":{"minecraft:skeleton":29,"minecraft:magma_cube":6,"minecraft:pillager":10,"minecraft:goat":1,"minecraft:zombie":49,"minecraft:cow":20,"minecraft:vindicator":17,"naturalist:tortoise":1,"minecraft:horse":3,"minecraft:husk":2,"aquaculture:synodontis":1,"minecraft:witch":1,"minecraft:spider":12,"minecraft:illusioner":1,"aquaculture:atlantic_herring":1,"minecraft:pig":1,"minecraft:zombie_villager":1,"minecraft:creeper":2,"minecraft:sheep":4,"naturalist:alligator":1,"minecraft:phantom":1,"minecraft:drowned":4,"minecraft:wither_skeleton":1},"minecraft:used":{"minecraft:spruce_slab":5,"minecraft:ladder":1,"minecraft:poppy":4,"minecraft:chest":16,"minecraft:rotten_flesh":12,"minecraft:allium":3,"aquaculture:synodontis":1,"minecraft:spruce_boat":1,"immersive_weathering:earthen_clay":5,"minecraft:sweet_berries":2,"supplementaries:ash":3,"minecraft:oak_sapling":14,"minecraft:furnace":10,"minecraft:cooked_cod":2,"minecraft:acacia_fence":1,"aquaculture:atlantic_halibut":1,"minecraft:potato":2,"pizzacraft:raw_pizza":16,"pizzacraft:oven":1,"projectvibrantjourneys:light_brown_bark_mushroom":5,"minecraft:spruce_door":3,"minecraft:wooden_pickaxe":22,"biomesoplenty:willow_sapling":1,"minecraft:sand":2,"pizzacraft:pizza_slice":2,"minecraft:chiseled_quartz_block":9,"minecraft:gray_concrete":1,"aquaculture:bayad":1,"securitycraft:mine":4,"minecraft:diamond_sword":520,"minecraft:oak_boat":1,"pizzacraft:andesite_basin":1,"naturalist:catfish":1,"minecraft:acacia_log":1,"pizzacraft:pizza_station":2,"minecraft:stick":185,"minecraft:torch":15,"minecraft:stone_stairs":1,"pizzacraft:oak_chopping_board":2,"farmersdelight:beef_patty":15,"projectvibrantjourneys:fallen_leaves":3,"minecraft:iron_axe":227,"minecraft:jungle_log":4,"minecraft:smooth_quartz":6,"minecraft:barrel":4,"minecraft:smooth_basalt":19,"minecraft:diamond_chestplate":2,"projectvibrantjourneys:orange_bark_mushroom":2,"securitycraft:dirt_mine":2,"tombstone:gift":12,"ecologics:coconut_seedling":1,"minecraft:cobbled_deepslate":21,"minecraft:acacia_planks":18,"minecraft:orange_terracotta":3,"minecraft:calcite":1,"minecraft:wheat_seeds":43,"farmersdelight:iron_knife":140,"minecraft:water_bucket":35,"minecraft:birch_planks":12,"immersive_weathering:sandy_dirt":12,"aquaculture:piranha":1,"minecraft:salmon":1,"minecraft:mossy_cobblestone":10,"minecraft:orange_carpet":1,"pizzacraft:pepper_seeds":4,"minecraft:tnt":11,"minecraft:crafting_table":21,"minecraft:white_bed":2,"minecraft:campfire":1,"pizzacraft:pineapple_seeds":4,"minecraft:oak_log":15,"minecraft:diamond_pickaxe":851,"minecraft:oxeye_daisy":3,"minecraft:cobblestone":503,"minecraft:purple_bed":1,"minecraft:cooked_porkchop":5,"minecraft:diamond_leggings":1,"minecraft:iron_shovel":94,"pizzacraft:dough":3,"aquaculture:brown_trout":1,"minecraft:decorated_pot":1,"minecraft:shield":12,"minecraft:iron_sword":81,"minecraft:iron_chestplate":2,"minecraft:jungle_planks":9,"minecraft:cyan_wool":6,"minecraft:obsidian":1,"minecraft:honey_bottle":12,"aquaculture:rainbow_trout":1,"biomesoplenty:fir_sapling":1,"minecraft:iron_helmet":1,"minecraft:dark_oak_wood":6,"minecraft:stone_bricks":2,"minecraft:item_frame":1,"minecraft:red_carpet":1,"minecraft:redstone_lamp":14,"minecraft:hay_block":5,"pizzacraft:pizza":1,"biomesoplenty:fir_fence":16,"minecraft:gray_carpet":1,"minecraft:oak_planks":120,"biomesoplenty:fir_planks":7,"biomesoplenty:lavender":2,"aquaculture:capitaine":1,"minecraft:white_wool":1,"minecraft:melon_slice":87,"minecraft:bread":52,"minecraft:cyan_bed":4,"tombstone:grave_key":7,"ecologics:coconut_slice":3,"wardrobe:large_backpack":6,"minecraft:andesite":3,"minecraft:coarse_dirt":5,"minecraft:bone_meal":14,"aquaculture:perch":1,"minecraft:experience_bottle":1,"minecraft:rose_bush":10,"minecraft:flint_and_steel":32,"minecraft:spruce_planks":166,"biomesoplenty:glowshroom":2,"minecraft:stone_hoe":13,"aquaculture:iron_fillet_knife":6,"minecraft:dirt":253,"projectvibrantjourneys:bark_mushroom":5,"minecraft:diamond_helmet":2,"minecraft:spruce_fence":3,"minecraft:iron_hoe":63,"minecraft:dark_oak_planks":134,"minecraft:wooden_axe":40,"minecraft:iron_boots":1,"farmersdelight:cooked_mutton_chops":36,"minecraft:cyan_concrete_powder":1,"minecraft:cooked_beef":43,"projectvibrantjourneys:oak_hollow_log":1,"minecraft:pumpkin":1,"minecraft:cooked_mutton":3,"minecraft:baked_potato":2,"minecraft:green_bed":3,"biomesoplenty:wildflower":1,"bosses_of_mass_destruction:soul_star":1,"minecraft:flower_pot":1,"minecraft:jungle_stairs":1,"minecraft:bucket":35},"minecraft:crafted":{"wardrobe:large_backpack":1,"minecraft:diamond_leggings":1,"minecraft:wooden_shovel":1,"minecraft:cooked_porkchop":2,"farmersdelight:iron_knife":1,"minecraft:spruce_door":6,"minecraft:campfire":1,"farmersdelight:beef_patty":16,"aquaculture:iron_fillet_knife":1,"pizzacraft:iron_pizza_peel":1,"hangglider:glider_framework":2,"minecraft:bone_meal":18,"hangglider:glider_wing":4,"minecraft:spruce_fence":3,"minecraft:spruce_slab":6,"minecraft:stone_pickaxe":1,"minecraft:spruce_boat":1,"minecraft:dark_oak_planks":76,"minecraft:lead":2,"minecraft:wheat":63,"farmersdelight:cooked_mutton_chops":6,"pizzacraft:oven":1,"minecraft:cyan_bed":2,"biomesoplenty:fir_fence":18,"minecraft:wooden_axe":2,"minecraft:iron_shovel":1,"minecraft:iron_leggings":1,"minecraft:white_bed":1,"pizzacraft:dough":2,"pizzacraft:oak_chopping_board":1,"minecraft:brick":72,"securitycraft:mine":30,"minecraft:oak_planks":96,"hangglider:hang_glider":2,"pizzacraft:pizza_station":2,"minecraft:stone":4,"minecraft:iron_boots":1,"tombstone:grave_key":1,"minecraft:chest":9,"minecraft:bricks":18,"minecraft:stone_hoe":1,"wardrobe:bound_leather":8,"minecraft:crafting_table":18,"minecraft:spruce_planks":316,"minecraft:wooden_pickaxe":3,"biomesoplenty:fir_planks":124,"minecraft:tnt":13,"minecraft:charcoal":92,"minecraft:diamond_pickaxe":2,"minecraft:purple_dye":1,"minecraft:shield":2,"minecraft:stick":144,"minecraft:iron_ingot":33,"pizzacraft:flour":2,"minecraft:polished_andesite":8,"minecraft:furnace":6,"minecraft:flint_and_steel":1,"minecraft:iron_axe":2,"minecraft:iron_hoe":2,"pizzacraft:iron_knife":1,"biomesoplenty:magic_planks":28,"minecraft:cooked_beef":21,"minecraft:diamond_sword":2,"minecraft:bowl":4,"minecraft:stripped_oak_wood":6,"minecraft:bucket":2,"biomesoplenty:willow_planks":36,"minecraft:bread":11,"minecraft:air":0,"minecraft:jungle_planks":24,"securitycraft:dirt_mine":12,"minecraft:oak_boat":1,"pizzacraft:andesite_basin":1,"minecraft:diamond_chestplate":1},"minecraft:picked_up":{"minecraft:wooden_axe":3,"minecraft:iron_chestplate":16,"pizzacraft:rolling_pin":2,"minecraft:flower_pot":1,"minecraft:anvil":2,"minecraft:lead":6,"minecraft:stone_slab":1,"minecraft:diamond_sword":13,"minecraft:enchanted_book":6,"minecraft:string":78,"minecraft:dark_oak_trapdoor":16,"minecraft:diamond_leggings":7,"minecraft:gold_nugget":114,"minecraft:cobbled_deepslate":21,"bosses_of_mass_destruction:soul_star":4,"minecraft:spruce_planks":160,"minecraft:enchanted_golden_apple":2,"hangglider:hang_glider":1,"minecraft:melon_slice":160,"ecologics:crab_claw":1,"minecraft:polished_blackstone_brick_slab":2,"pizzacraft:raw_pizza":17,"pizzacraft:pineapple_seeds":8,"minecraft:green_bed":4,"minecraft:acacia_log":1,"immersive_weathering:oak_bark":11,"pizzacraft:iron_pizza_peel":1,"farmersdelight:onion":17,"minecraft:vex_armor_trim_smithing_template":4,"farmersdelight:rope":18,"supplementaries:ash":41,"biomesoplenty:lavender":196,"minecraft:cooked_beef":5,"minecraft:feather":1,"pizzacraft:pepper_seeds":4,"minecraft:jungle_log":10,"biomesoplenty:fir_sapling":49,"biomesoplenty:fir_log":123,"minecraft:flint":123,"minecraft:gray_concrete":2,"minecraft:map":6,"minecraft:cyan_concrete_powder":1,"farmersdelight:tomato":3,"minecraft:diamond_helmet":14,"pizzacraft:tomato_sauce":1,"immersive_weathering:tallow":2,"pizzacraft:pizza":1,"biomesoplenty:magic_sapling":2,"securitycraft:mine":8,"ecologics:coconut_husk":1,"minecraft:dark_oak_log":4,"minecraft:barrel":6,"minecraft:bundle":3,"pizzacraft:onion":2,"biomesoplenty:willow_log":9,"biomesoplenty:magic_planks":4,"minecraft:bread":96,"minecraft:diamond_pickaxe":11,"minecraft:coarse_dirt":5,"minecraft:crafting_table":4,"minecraft:clay_ball":68,"minecraft:redstone_lamp":14,"ecologics:seashell":1,"biomesoplenty:jacaranda_sapling":16,"minecraft:elytra":1,"minecraft:flint_and_steel":1,"minecraft:white_carpet":4,"minecraft:iron_shovel":1,"farmersdelight:beef_patty":33,"minecraft:cartography_table":1,"minecraft:beef":39,"minecraft:cyan_wool":12,"minecraft:poppy":43,"minecraft:spruce_slab":4,"minecraft:minecart":2,"minecraft:birch_sapling":3,"minecraft:chest":5,"pizzacraft:corn":3,"wardrobe:large_backpack":6,"minecraft:fire_charge":2,"farmersdelight:tomato_seeds":9,"immersive_weathering:permafrost":1,"minecraft:tnt":21,"minecraft:stone_shovel":1,"minecraft:diamond_chestplate":6,"minecraft:cooked_cod":2,"biomesoplenty:jacaranda_log":3,"minecraft:decorated_pot":1,"aquaculture:brown_trout":2,"minecraft:hay_block":41,"minecraft:gold_ingot":62,"minecraft:mutton":11,"minecraft:white_wool":5,"minecraft:oxeye_daisy":8,"minecraft:stripped_oak_log":13,"minecraft:red_mushroom":1,"minecraft:oak_log":258,"aquaculture:rainbow_trout":1,"minecraft:apple":15,"minecraft:stone_bricks":37,"minecraft:kelp":1,"pizzacraft:cheese":3,"minecraft:iron_ore":22,"biomesoplenty:magic_log":7,"minecraft:iron_sword":10,"minecraft:dark_oak_stairs":3,"minecraft:dark_oak_slab":5,"minecraft:smooth_basalt":19,"minecraft:milk_bucket":3,"minecraft:sweet_berries":25,"minecraft:gravel":16,"minecraft:spruce_sapling":23,"minecraft:spruce_log":120,"minecraft:crying_obsidian":2,"minecraft:purple_bed":4,"minecraft:slime_ball":3,"immersive_weathering:earthen_clay":6,"minecraft:stone_axe":1,"minecraft:diamond_axe":2,"minecraft:painting":2,"minecraft:lodestone":2,"minecraft:baked_potato":7,"projectvibrantjourneys:orange_bark_mushroom":13,"minecraft:wheat":114,"aquaculture:synodontis":1,"tombstone:grave_key":2,"pizzacraft:pineapple":2,"minecraft:raw_copper":4,"minecraft:iron_leggings":5,"minecraft:experience_bottle":1,"biomesoplenty:fir_planks":231,"minecraft:bucket":1,"minecraft:rose_bush":95,"minecraft:calcite":1,"minecraft:smooth_quartz":12,"minecraft:iron_boots":14,"farmersdelight:cabbage_seeds":3,"minecraft:furnace":4,"minecraft:tipped_arrow":2,"minecraft:stick":309,"minecraft:acacia_fence":2,"minecraft:oak_fence":7,"minecraft:torch":107,"ecologics:coconut_seedling":2,"minecraft:spruce_stairs":9,"hangglider:glider_framework":2,"minecraft:porkchop":2,"tombstone:grave_dust":4,"minecraft:rotten_flesh":68,"pizzacraft:pizza_slice":3,"minecraft:obsidian":1,"minecraft:cobblestone":730,"minecraft:lilac":1,"minecraft:andesite":23,"projectvibrantjourneys:fallen_leaves":7,"minecraft:orange_carpet":5,"minecraft:chiseled_quartz_block":18,"immersive_weathering:sandy_dirt":21,"biomesoplenty:glowshroom":2,"minecraft:potato":11,"pizzacraft:oak_chopping_board":1,"projectvibrantjourneys:oak_hollow_log":2,"minecraft:dirt":485,"minecraft:bone":134,"minecraft:acacia_planks":20,"farmersdelight:iron_knife":2,"minecraft:bow":7,"minecraft:wheat_seeds":316,"pizzacraft:tomato":14,"minecraft:oak_planks":124,"wardrobe:hardened_leather":10,"minecraft:cooked_porkchop":3,"securitycraft:dirt_mine":18,"minecraft:jungle_planks":3,"minecraft:sand":56,"biomesoplenty:fir_fence":2,"minecraft:cyan_bed":2,"minecraft:jungle_slab":5,"farmersdelight:cooked_mutton_chops":32,"minecraft:mossy_cobblestone":12,"minecraft:sugar":3,"minecraft:diamond":130,"tombstone:tablet_of_recall":1,"minecraft:golden_apple":5,"minecraft:emerald":382,"pizzacraft:iron_knife":1,"minecraft:oak_sapling":56,"minecraft:charcoal":2,"minecraft:allium":24,"minecraft:azure_bluet":1,"minecraft:chicken":6,"minecraft:ladder":1,"minecraft:turtle_helmet":4,"minecraft:wooden_pickaxe":1,"minecraft:shield":13,"minecraft:moss_carpet":1,"minecraft:stone_stairs":1,"minecraft:item_frame":5,"minecraft:cyan_carpet":1,"biomesoplenty:willow_planks":30,"farmersdelight:straw":22,"biomesoplenty:wildflower":1,"minecraft:sugar_cane":5,"minecraft:phantom_membrane":2,"minecraft:raw_iron":41,"ecologics:coconut_slice":6,"projectvibrantjourneys:bark_mushroom":8,"minecraft:polished_blackstone_bricks":2,"minecraft:stone_button":9,"minecraft:purple_terracotta":1,"minecraft:dark_oak_planks":105,"pizzacraft:dough":2,"minecraft:arrow":49,"biomesoplenty:willow_sapling":13,"minecraft:jungle_stairs":1,"minecraft:stripped_dark_oak_wood":2,"minecraft:pink_tulip":2,"minecraft:saddle":1,"minecraft:glistering_melon_slice":4,"minecraft:black_banner":1,"minecraft:skeleton_skull":31,"immersive_weathering:spruce_bark":3,"minecraft:leather":26,"minecraft:birch_planks":13,"minecraft:gunpowder":864,"pizzacraft:broccoli_seeds":1,"minecraft:orange_terracotta":3,"minecraft:cooked_mutton":13,"minecraft:red_carpet":1,"minecraft:gray_carpet":17,"minecraft:spruce_wood":9,"wardrobe:goat_fur":3,"minecraft:iron_ingot":408,"minecraft:book":78,"projectvibrantjourneys:light_brown_bark_mushroom":18,"minecraft:pumpkin":7,"minecraft:quartz":23,"minecraft:dandelion":1,"minecraft:white_bed":4,"minecraft:spider_eye":9,"minecraft:iron_helmet":5,"minecraft:terracotta":6,"tombstone:magic_scroll":2,"spelunkers_charm:rock":3,"minecraft:dark_oak_wood":26,"minecraft:coal":105},"minecraft:broken":{"minecraft:iron_boots":2,"minecraft:diamond_leggings":1,"minecraft:iron_helmet":2},"minecraft:dropped":{"minecraft:iron_sword":2,"minecraft:cooked_beef":6,"pizzacraft:tomato":1,"minecraft:diamond":25,"minecraft:crafting_table":1,"minecraft:elytra":1,"projectvibrantjourneys:orange_bark_mushroom":2,"farmersdelight:beef_patty":1,"minecraft:red_mushroom":1,"minecraft:emerald":47,"minecraft:dirt":47,"minecraft:stone_button":3,"minecraft:phantom_membrane":1,"minecraft:iron_pickaxe":1,"minecraft:dark_oak_planks":25,"minecraft:white_wool":1,"minecraft:bone":2,"minecraft:stone_axe":1,"minecraft:wheat":2,"minecraft:rotten_flesh":15,"bosses_of_mass_destruction:soul_star":3,"immersive_weathering:tallow":2,"minecraft:spruce_slab":1,"minecraft:beef":3,"minecraft:cartography_table":1,"minecraft:iron_ingot":204,"minecraft:wheat_seeds":41,"pizzacraft:iron_pizza_peel":1,"biomesoplenty:magic_sapling":2,"biomesoplenty:lavender":1,"minecraft:oak_fence":3,"minecraft:iron_helmet":1,"minecraft:cobblestone":176,"minecraft:apple":1,"minecraft:coal":5,"biomesoplenty:jacaranda_log":3,"minecraft:diamond_helmet":2,"minecraft:iron_shovel":1,"immersive_weathering:permafrost":1,"minecraft:gray_carpet":15,"minecraft:spruce_sapling":2,"minecraft:pink_tulip":1,"minecraft:stone_shovel":1,"minecraft:chicken":6,"minecraft:stone_slab":1,"farmersdelight:straw":3,"minecraft:diamond_sword":1,"minecraft:spruce_planks":18,"minecraft:spider_eye":3,"minecraft:bow":1,"wardrobe:goat_fur":3,"minecraft:oak_log":27,"biomesoplenty:magic_planks":5,"minecraft:leather":3,"pizzacraft:iron_knife":1,"minecraft:jungle_planks":1,"immersive_weathering:spruce_bark":2,"minecraft:polished_blackstone_bricks":1,"projectvibrantjourneys:bark_mushroom":2,"minecraft:gravel":7,"hangglider:hang_glider":1,"securitycraft:dirt_mine":3,"supplementaries:ash":4,"spelunkers_charm:rock":3,"minecraft:arrow":5,"minecraft:bread":2,"minecraft:purple_terracotta":1,"biomesoplenty:jacaranda_sapling":4,"minecraft:mossy_cobblestone":2,"pizzacraft:pizza_slice":1,"minecraft:stick":2,"minecraft:torch":62,"tombstone:grave_key":3,"tombstone:grave_dust":1,"minecraft:polished_blackstone_brick_slab":1,"securitycraft:mine":6,"minecraft:kelp":1,"minecraft:sweet_berries":12,"pizzacraft:rolling_pin":1,"minecraft:raw_copper":4,"minecraft:raw_iron":11,"minecraft:stripped_oak_log":2,"minecraft:flint_and_steel":1,"biomesoplenty:fir_planks":65,"minecraft:diamond_chestplate":1,"minecraft:iron_chestplate":2,"minecraft:purple_bed":2,"minecraft:oak_sapling":1,"pizzacraft:pineapple_seeds":2,"minecraft:spruce_log":7,"minecraft:wooden_pickaxe":1},"minecraft:mined":{"minecraft:dark_oak_planks":32,"minecraft:white_bed":1,"naturalist:chrysalis":1,"minecraft:jungle_leaves":3,"minecraft:obsidian":1,"minecraft:oxeye_daisy":6,"minecraft:spawner":10,"minecraft:polished_blackstone_bricks":1,"minecraft:tall_seagrass":1,"minecraft:fire":90,"biomesoplenty:lavender":81,"minecraft:pumpkin":7,"minecraft:stripped_dark_oak_wood":3,"biomesoplenty:glowshroom_block":1,"biomesoplenty:webbing":1,"wardrobe:large_backpack_block":6,"minecraft:spruce_wood":1,"immersive_weathering:oak_leaf_pile":102,"minecraft:tripwire":2,"immersive_weathering:spruce_leaf_pile":19,"minecraft:soul_fire":2,"minecraft:torch":2,"minecraft:dark_oak_wood":7,"projectvibrantjourneys:twigs":4,"minecraft:melon":10,"minecraft:white_stained_glass_pane":2,"minecraft:dead_bush":5,"minecraft:cyan_bed":2,"projectvibrantjourneys:fallen_leaves":3,"minecraft:sugar_cane":2,"minecraft:cyan_wool":12,"ecologics:seashell":1,"minecraft:wheat":25,"minecraft:grass":396,"projectvibrantjourneys:short_grass":219,"immersive_weathering:grassy_earthen_clay":5,"minecraft:smooth_quartz":6,"minecraft:smooth_basalt":18,"minecraft:deepslate":21,"minecraft:yellow_terracotta":2,"biomesoplenty:watergrass":3,"minecraft:mossy_cobblestone":14,"biomesoplenty:desert_grass":1,"minecraft:dark_oak_log":1,"projectvibrantjourneys:rocks":1,"immersive_weathering:birch_leaf_pile":2,"minecraft:allium":7,"minecraft:jungle_planks":1,"minecraft:kelp":1,"biomesoplenty:dune_grass":6,"farmersdelight:wild_onions":8,"minecraft:andesite":15,"immersive_weathering:grassy_sandy_dirt":6,"biomesoplenty:barley":8,"minecraft:white_wool":1,"minecraft:gray_concrete":2,"minecraft:glass_pane":2,"pizzacraft:pineapple":2,"minecraft:dandelion":1,"minecraft:emerald_ore":6,"minecraft:cyan_concrete_powder":1,"biomesoplenty:fir_planks":1,"minecraft:copper_ore":1,"minecraft:tall_grass":133,"farmersdelight:wild_tomatoes":10,"minecraft:orange_carpet":1,"minecraft:purple_bed":3,"minecraft:coarse_dirt":5,"minecraft:gravel":10,"minecraft:acacia_planks":22,"minecraft:stone_bricks":16,"minecraft:fern":15,"minecraft:spruce_planks":42,"immersive_weathering:earthen_clay":1,"minecraft:jungle_slab":7,"minecraft:grass_block":139,"ecologics:coconut_leaves":1,"minecraft:polished_blackstone_brick_slab":1,"immersive_weathering:biomesoplenty/fir_leaf_pile":1,"minecraft:iron_ore":32,"minecraft:anvil":1,"minecraft:azure_bluet":1,"minecraft:dark_oak_stairs":2,"supplementaries:stick":30,"immersive_weathering:loam":2,"minecraft:spruce_slab":2,"minecraft:green_bed":1,"biomesoplenty:willow_leaves":1,"biomesoplenty:wildflower":1,"minecraft:orange_terracotta":3,"minecraft:chiseled_quartz_block":10,"minecraft:clay":18,"minecraft:jungle_stairs":1,"immersive_weathering:sandy_dirt":6,"minecraft:calcite":1,"minecraft:poppy":19,"minecraft:chest":1,"minecraft:mushroom_stem":1,"minecraft:cobblestone":18,"immersive_weathering:biomesoplenty/willow_leaf_pile":1,"minecraft:oak_planks":22,"minecraft:wall_torch":3,"minecraft:seagrass":1,"minecraft:stone_stairs":1,"minecraft:dark_oak_slab":1,"minecraft:tnt":2,"biomesoplenty:maple_leaves":1,"minecraft:oak_log":5,"minecraft:acacia_fence":1,"minecraft:sand":55,"minecraft:dirt":70,"minecraft:oak_leaves":22,"minecraft:crying_obsidian":1,"minecraft:red_carpet":1,"minecraft:gray_stained_glass_pane":2,"minecraft:ladder":1,"minecraft:decorated_pot":1,"minecraft:spruce_leaves":20,"minecraft:large_fern":3,"minecraft:hay_block":19,"minecraft:furnace":4,"biomesoplenty:toadstool":1,"treechop:chopped_log":15,"biomesoplenty:sea_oats":21,"minecraft:stripped_oak_log":11,"minecraft:stone":575,"pizzacraft:oak_chopping_board":1,"minecraft:oak_fence":1,"minecraft:crafting_table":1,"minecraft:rose_bush":112,"biomesoplenty:sprout":2,"minecraft:spruce_stairs":13,"minecraft:birch_planks":13,"biomesoplenty:yellow_autumn_leaves":3,"minecraft:sweet_berry_bush":5,"minecraft:ice":2,"minecraft:coal_ore":85,"biomesoplenty:fir_leaves":13,"minecraft:terracotta":3}},"DataVersion":3465}