{"stats":{"minecraft:custom":{"minecraft:time_since_rest":45671,"minecraft:crouch_one_cm":811,"minecraft:play_time":45671,"minecraft:sprint_one_cm":25926,"minecraft:damage_taken":90,"minecraft:walk_one_cm":31639,"minecraft:sneak_time":322,"minecraft:walk_under_water_one_cm":716,"minecraft:drop":1,"minecraft:jump":243,"minecraft:damage_dealt":10,"minecraft:leave_game":2,"minecraft:walk_on_water_one_cm":172,"minecraft:time_since_death":45671,"minecraft:climb_one_cm":1233,"minecraft:total_world_time":45671,"minecraft:swim_one_cm":2790,"minecraft:fall_one_cm":4145,"minecraft:fly_one_cm":94846},"minecraft:picked_up":{"ecologics:coconut_slice":4,"projectvibrantjourneys:fallen_leaves":1,"ecologics:coconut_seedling":1,"minecraft:sugar_cane":5,"ecologics:crab_claw":1,"minecraft:elytra":1},"minecraft:mined":{"minecraft:sugar_cane":2},"minecraft:dropped":{"minecraft:elytra":1},"minecraft:used":{"ecologics:coconut_slice":2,"projectvibrantjourneys:fallen_leaves":1}},"DataVersion":3465}