{"stats":{"minecraft:mined":{"immersive_weathering:spruce_leaf_pile":2,"treechop:chopped_log":3,"minecraft:grass":1,"immersive_weathering:biomesoplenty/willow_leaf_pile":1,"minecraft:sugar_cane":2,"minecraft:fern":1},"minecraft:custom":{"minecraft:time_since_rest":59539,"minecraft:sprint_one_cm":32824,"minecraft:walk_one_cm":65770,"minecraft:damage_taken":155,"minecraft:mob_kills":1,"minecraft:drop":1,"minecraft:damage_dealt":173,"minecraft:swim_one_cm":2790,"minecraft:interact_with_crafting_table":5,"minecraft:fly_one_cm":107519,"minecraft:crouch_one_cm":811,"minecraft:play_time":59539,"minecraft:sneak_time":331,"minecraft:walk_under_water_one_cm":716,"minecraft:jump":311,"minecraft:leave_game":4,"minecraft:time_since_death":59539,"minecraft:walk_on_water_one_cm":172,"minecraft:total_world_time":59539,"minecraft:climb_one_cm":1233,"minecraft:fall_one_cm":4563},"minecraft:used":{"minecraft:wooden_axe":35,"projectvibrantjourneys:fallen_leaves":1,"biomesoplenty:willow_sapling":1,"ecologics:coconut_slice":2,"minecraft:crafting_table":1},"minecraft:dropped":{"minecraft:elytra":1},"minecraft:crafted":{"minecraft:crafting_table":1,"minecraft:spruce_planks":36,"minecraft:stick":4,"minecraft:wooden_pickaxe":1,"minecraft:wooden_axe":1},"minecraft:killed":{"minecraft:zombie":1},"minecraft:picked_up":{"minecraft:stick":10,"ecologics:coconut_slice":4,"projectvibrantjourneys:fallen_leaves":1,"ecologics:coconut_seedling":1,"biomesoplenty:fir_sapling":18,"biomesoplenty:fir_log":92,"minecraft:spruce_log":15,"minecraft:elytra":1,"minecraft:rotten_flesh":1,"biomesoplenty:willow_sapling":1,"projectvibrantjourneys:orange_bark_mushroom":1,"minecraft:sugar_cane":5,"ecologics:crab_claw":1}},"DataVersion":3465}