{"stats":{"minecraft:used":{"projectvibrantjourneys:fallen_leaves":1,"minecraft:wooden_axe":35,"minecraft:wooden_pickaxe":13,"biomesoplenty:willow_sapling":1,"ecologics:coconut_slice":2,"minecraft:dirt":1,"minecraft:cobblestone":2,"minecraft:crafting_table":2,"minecraft:cooked_porkchop":1,"ecologics:coconut_seedling":1},"minecraft:crafted":{"minecraft:crafting_table":1,"minecraft:spruce_planks":36,"minecraft:stick":4,"minecraft:wooden_pickaxe":1,"minecraft:wooden_axe":1,"minecraft:stone_pickaxe":1},"minecraft:picked_up":{"minecraft:crafting_table":2,"minecraft:stick":14,"minecraft:cooked_porkchop":1,"ecologics:coconut_slice":4,"projectvibrantjourneys:fallen_leaves":1,"ecologics:seashell":1,"ecologics:coconut_seedling":2,"biomesoplenty:fir_sapling":20,"biomesoplenty:fir_log":92,"minecraft:spruce_log":15,"minecraft:dirt":1,"minecraft:elytra":1,"minecraft:rotten_flesh":4,"biomesoplenty:willow_sapling":1,"projectvibrantjourneys:orange_bark_mushroom":1,"minecraft:sugar_cane":5,"ecologics:crab_claw":1,"minecraft:cobblestone":15},"minecraft:dropped":{"minecraft:crafting_table":1,"minecraft:elytra":1},"minecraft:custom":{"minecraft:time_since_rest":9993,"minecraft:interact_with_furnace":2,"minecraft:sprint_one_cm":71010,"minecraft:damage_taken":1250,"minecraft:walk_one_cm":171346,"minecraft:mob_kills":1,"minecraft:drop":2,"minecraft:damage_dealt":179,"minecraft:swim_one_cm":5496,"minecraft:interact_with_crafting_table":8,"minecraft:fly_one_cm":161525,"minecraft:crouch_one_cm":5080,"minecraft:play_time":94225,"minecraft:deaths":3,"minecraft:sneak_time":1412,"minecraft:walk_under_water_one_cm":3826,"minecraft:jump":738,"minecraft:leave_game":5,"minecraft:time_since_death":9932,"minecraft:walk_on_water_one_cm":7545,"minecraft:climb_one_cm":3619,"minecraft:total_world_time":94225,"minecraft:fall_one_cm":11384},"minecraft:mined":{"immersive_weathering:biomesoplenty/fir_leaf_pile":1,"ecologics:seashell":1,"biomesoplenty:toadstool":1,"immersive_weathering:spruce_leaf_pile":2,"treechop:chopped_log":3,"minecraft:grass":4,"projectvibrantjourneys:twigs":1,"ecologics:coconut_leaves":1,"immersive_weathering:biomesoplenty/willow_leaf_pile":1,"minecraft:stone":13,"minecraft:sugar_cane":2,"minecraft:fern":1},"minecraft:killed_by":{"minecraft:creeper":2,"minecraft:zombie":1},"minecraft:killed":{"minecraft:zombie":1}},"DataVersion":3465}