{"stats":{"minecraft:mined":{"minecraft:dark_oak_planks":9,"minecraft:crying_obsidian":1,"minecraft:spruce_planks":1,"minecraft:white_bed":1,"minecraft:jungle_leaves":3,"minecraft:dark_oak_log":1,"minecraft:obsidian":1,"minecraft:grass_block":13,"ecologics:coconut_leaves":1,"minecraft:polished_blackstone_brick_slab":1,"minecraft:spruce_leaves":4,"minecraft:spawner":1,"minecraft:large_fern":1,"minecraft:polished_blackstone_bricks":1,"immersive_weathering:biomesoplenty/fir_leaf_pile":1,"biomesoplenty:toadstool":1,"minecraft:fire":3,"minecraft:andesite":7,"treechop:chopped_log":5,"minecraft:anvil":1,"minecraft:stripped_dark_oak_wood":3,"minecraft:spruce_wood":1,"minecraft:stone":18,"minecraft:green_bed":1,"biomesoplenty:willow_leaves":1,"immersive_weathering:spruce_leaf_pile":2,"projectvibrantjourneys:twigs":2,"minecraft:calcite":1,"minecraft:white_stained_glass_pane":2,"minecraft:tall_grass":3,"minecraft:cobblestone":3,"immersive_weathering:biomesoplenty/willow_leaf_pile":1,"minecraft:sugar_cane":2,"minecraft:orange_carpet":1,"minecraft:stone_stairs":1,"minecraft:purple_bed":3,"minecraft:birch_planks":13,"minecraft:coarse_dirt":1,"ecologics:seashell":1,"minecraft:sweet_berry_bush":5,"minecraft:grass":10,"minecraft:coal_ore":3,"projectvibrantjourneys:short_grass":6,"biomesoplenty:fir_leaves":13,"minecraft:dirt":9,"minecraft:acacia_planks":22,"minecraft:stone_bricks":16,"minecraft:fern":4},"minecraft:killed":{"minecraft:vindicator":5,"minecraft:spider":2,"minecraft:skeleton":2,"minecraft:husk":2,"minecraft:pillager":1,"minecraft:zombie":12},"minecraft:killed_by":{"minecraft:husk":2,"minecraft:player":2,"minecraft:creeper":4,"minecraft:spider":1,"minecraft:pillager":2,"minecraft:vindicator":4,"minecraft:hoglin":1,"minecraft:skeleton":5,"minecraft:zombie":7},"minecraft:crafted":{"minecraft:diamond_leggings":1,"minecraft:stone_pickaxe":1,"minecraft:dark_oak_planks":8,"minecraft:diamond_sword":1,"minecraft:crafting_table":6,"minecraft:spruce_planks":60,"minecraft:wooden_pickaxe":2,"biomesoplenty:willow_planks":36,"minecraft:jungle_planks":24,"biomesoplenty:fir_planks":124,"minecraft:diamond_pickaxe":1,"minecraft:shield":1,"minecraft:stick":12,"minecraft:wooden_axe":2},"minecraft:used":{"minecraft:acacia_log":1,"aquaculture:brown_trout":1,"minecraft:spruce_planks":5,"minecraft:shield":1,"minecraft:iron_sword":79,"minecraft:rotten_flesh":7,"minecraft:iron_chestplate":2,"minecraft:dirt":41,"minecraft:jungle_planks":9,"minecraft:stone_stairs":1,"minecraft:diamond_helmet":2,"minecraft:obsidian":1,"aquaculture:rainbow_trout":1,"minecraft:wooden_axe":40,"minecraft:dark_oak_planks":16,"projectvibrantjourneys:fallen_leaves":1,"minecraft:jungle_log":4,"minecraft:iron_boots":1,"minecraft:stone_bricks":2,"minecraft:sweet_berries":2,"supplementaries:ash":3,"minecraft:oak_sapling":1,"ecologics:coconut_seedling":1,"minecraft:acacia_planks":18,"minecraft:calcite":1,"minecraft:cooked_mutton":3,"minecraft:birch_planks":12,"minecraft:oak_planks":2,"minecraft:wooden_pickaxe":13,"biomesoplenty:fir_planks":5,"minecraft:green_bed":3,"biomesoplenty:willow_sapling":1,"minecraft:orange_carpet":1,"minecraft:crafting_table":6,"minecraft:white_bed":1,"minecraft:diamond_pickaxe":42,"minecraft:melon_slice":30,"minecraft:bread":12,"ecologics:coconut_slice":3,"minecraft:diamond_sword":26,"minecraft:cobblestone":11,"minecraft:purple_bed":1,"minecraft:cooked_porkchop":1,"minecraft:coarse_dirt":1,"minecraft:diamond_leggings":1},"minecraft:dropped":{"minecraft:iron_ingot":7,"minecraft:wheat_seeds":9,"minecraft:oak_log":27,"minecraft:diamond":25,"minecraft:crafting_table":1,"minecraft:cobblestone":102,"minecraft:leather":3,"minecraft:apple":1,"minecraft:jungle_planks":1,"minecraft:elytra":1,"minecraft:coal":4,"minecraft:emerald":47,"minecraft:dirt":24,"minecraft:torch":62,"immersive_weathering:spruce_bark":2,"minecraft:diamond_helmet":1,"minecraft:polished_blackstone_brick_slab":1,"minecraft:polished_blackstone_bricks":1,"minecraft:iron_pickaxe":1,"minecraft:iron_shovel":1,"immersive_weathering:permafrost":1,"projectvibrantjourneys:bark_mushroom":1,"minecraft:pink_tulip":1,"minecraft:bone":2,"minecraft:stone_axe":1,"minecraft:sweet_berries":12,"minecraft:raw_iron":11,"minecraft:stone_shovel":1,"minecraft:chicken":1,"minecraft:stone_slab":1,"minecraft:diamond_chestplate":1,"minecraft:purple_bed":2,"minecraft:oak_sapling":1,"minecraft:spider_eye":1,"minecraft:bow":1,"minecraft:spruce_log":7,"minecraft:arrow":4,"minecraft:wooden_pickaxe":1,"wardrobe:goat_fur":2},"minecraft:custom":{"minecraft:mob_kills":25,"minecraft:interact_with_crafting_table":16,"minecraft:open_barrel":21,"minecraft:damage_dealt_resisted":150,"minecraft:leave_game":7,"minecraft:time_since_death":9545,"minecraft:climb_one_cm":9824,"minecraft:sprint_one_cm":269981,"minecraft:walk_one_cm":579219,"minecraft:damage_blocked_by_shield":165,"minecraft:drop":44,"minecraft:talked_to_villager":10,"minecraft:play_time":229252,"minecraft:deaths":28,"minecraft:sneak_time":10022,"minecraft:walk_under_water_one_cm":17389,"minecraft:interact_with_lectern":3,"minecraft:jump":2829,"minecraft:walk_on_water_one_cm":48967,"minecraft:total_world_time":229252,"minecraft:interact_with_furnace":2,"minecraft:sleep_in_bed":7,"minecraft:time_since_rest":6539,"minecraft:damage_taken":10191,"minecraft:damage_dealt":5875,"minecraft:swim_one_cm":53885,"minecraft:fly_one_cm":452971,"minecraft:open_chest":25,"minecraft:crouch_one_cm":29958,"minecraft:fall_one_cm":72048,"minecraft:inspect_dispenser":1,"minecraft:horse_one_cm":1749},"minecraft:picked_up":{"minecraft:wooden_axe":3,"minecraft:coarse_dirt":1,"minecraft:crafting_table":2,"minecraft:iron_chestplate":11,"minecraft:chicken":1,"minecraft:anvil":2,"ecologics:seashell":1,"minecraft:stone_slab":1,"minecraft:diamond_sword":3,"minecraft:wooden_pickaxe":1,"minecraft:shield":1,"minecraft:string":24,"minecraft:stone_stairs":1,"minecraft:elytra":1,"minecraft:iron_shovel":1,"biomesoplenty:willow_planks":30,"minecraft:diamond_leggings":3,"minecraft:gold_nugget":104,"minecraft:spruce_planks":16,"minecraft:calcite":1,"minecraft:minecart":2,"minecraft:melon_slice":33,"minecraft:sugar_cane":5,"minecraft:tipped_arrow":2,"ecologics:crab_claw":1,"minecraft:iron_boots":5,"minecraft:polished_blackstone_brick_slab":2,"minecraft:stick":96,"minecraft:raw_iron":11,"ecologics:coconut_slice":6,"minecraft:acacia_log":1,"projectvibrantjourneys:bark_mushroom":2,"ecologics:coconut_seedling":2,"minecraft:torch":62,"minecraft:green_bed":4,"minecraft:spruce_stairs":1,"minecraft:polished_blackstone_bricks":2,"minecraft:stone_button":6,"immersive_weathering:permafrost":1,"minecraft:dark_oak_planks":16,"minecraft:arrow":20,"minecraft:rotten_flesh":32,"minecraft:stone_shovel":1,"farmersdelight:onion":10,"biomesoplenty:willow_sapling":13,"aquaculture:brown_trout":2,"minecraft:stripped_dark_oak_wood":2,"minecraft:pink_tulip":2,"minecraft:glistering_melon_slice":4,"minecraft:gold_ingot":44,"supplementaries:ash":6,"minecraft:obsidian":1,"minecraft:skeleton_skull":22,"minecraft:cobblestone":152,"minecraft:feather":1,"minecraft:andesite":12,"minecraft:jungle_log":10,"immersive_weathering:spruce_bark":3,"projectvibrantjourneys:fallen_leaves":1,"minecraft:orange_carpet":5,"minecraft:leather":3,"minecraft:potato":10,"biomesoplenty:fir_sapling":48,"minecraft:birch_planks":13,"biomesoplenty:fir_log":123,"minecraft:flint":112,"minecraft:oak_log":49,"minecraft:gunpowder":548,"minecraft:map":6,"aquaculture:rainbow_trout":1,"minecraft:dirt":82,"minecraft:cooked_mutton":7,"minecraft:bone":38,"minecraft:stone_bricks":37,"minecraft:acacia_planks":20,"minecraft:apple":1,"minecraft:bow":1,"minecraft:wheat_seeds":153,"minecraft:spruce_wood":9,"wardrobe:goat_fur":2,"minecraft:iron_ingot":90,"minecraft:diamond_helmet":11,"minecraft:oak_planks":18,"minecraft:iron_sword":7,"minecraft:dark_oak_stairs":2,"minecraft:book":5,"minecraft:cooked_porkchop":1,"minecraft:sweet_berries":25,"minecraft:jungle_planks":2,"ecologics:coconut_husk":1,"minecraft:white_bed":3,"minecraft:spruce_log":24,"minecraft:crying_obsidian":2,"minecraft:dark_oak_log":4,"minecraft:spider_eye":4,"minecraft:purple_bed":4,"minecraft:slime_ball":3,"biomesoplenty:willow_log":9,"minecraft:diamond":90,"minecraft:stone_axe":1,"minecraft:emerald":155,"minecraft:bread":9,"minecraft:lodestone":2,"minecraft:baked_potato":7,"projectvibrantjourneys:orange_bark_mushroom":1,"minecraft:oak_sapling":4,"minecraft:coal":16,"minecraft:diamond_pickaxe":3}},"DataVersion":3465}