{"stats":{"minecraft:mined":{"immersive_weathering:biomesoplenty/fir_leaf_pile":1,"biomesoplenty:toadstool":1,"immersive_weathering:spruce_leaf_pile":2,"treechop:chopped_log":3,"minecraft:grass":1,"projectvibrantjourneys:twigs":1,"ecologics:coconut_leaves":1,"immersive_weathering:biomesoplenty/willow_leaf_pile":1,"minecraft:stone":13,"minecraft:sugar_cane":2,"minecraft:fern":1},"minecraft:custom":{"minecraft:time_since_rest":4778,"minecraft:sprint_one_cm":38027,"minecraft:walk_one_cm":131107,"minecraft:damage_taken":310,"minecraft:mob_kills":1,"minecraft:drop":1,"minecraft:damage_dealt":173,"minecraft:swim_one_cm":4553,"minecraft:interact_with_crafting_table":8,"minecraft:fly_one_cm":117429,"minecraft:crouch_one_cm":4145,"minecraft:play_time":75718,"minecraft:deaths":1,"minecraft:sneak_time":1053,"minecraft:walk_under_water_one_cm":1495,"minecraft:jump":429,"minecraft:leave_game":5,"minecraft:time_since_death":4351,"minecraft:walk_on_water_one_cm":3775,"minecraft:total_world_time":75718,"minecraft:climb_one_cm":2647,"minecraft:fall_one_cm":5917},"minecraft:used":{"minecraft:wooden_axe":35,"projectvibrantjourneys:fallen_leaves":1,"minecraft:wooden_pickaxe":13,"biomesoplenty:willow_sapling":1,"ecologics:coconut_slice":2,"minecraft:crafting_table":1,"ecologics:coconut_seedling":1},"minecraft:killed_by":{"minecraft:zombie":1},"minecraft:dropped":{"minecraft:elytra":1},"minecraft:crafted":{"minecraft:crafting_table":1,"minecraft:spruce_planks":36,"minecraft:stick":4,"minecraft:wooden_pickaxe":1,"minecraft:stone_pickaxe":1,"minecraft:wooden_axe":1},"minecraft:killed":{"minecraft:zombie":1},"minecraft:picked_up":{"minecraft:stick":14,"ecologics:coconut_slice":4,"projectvibrantjourneys:fallen_leaves":1,"ecologics:coconut_seedling":2,"biomesoplenty:fir_sapling":20,"biomesoplenty:fir_log":92,"minecraft:spruce_log":15,"minecraft:elytra":1,"minecraft:rotten_flesh":1,"biomesoplenty:willow_sapling":1,"projectvibrantjourneys:orange_bark_mushroom":1,"minecraft:sugar_cane":5,"minecraft:cobblestone":13,"ecologics:crab_claw":1}},"DataVersion":3465}