{"stats":{"minecraft:mined":{"treechop:chopped_log":1,"minecraft:crafting_table":1,"minecraft:grass":2,"projectvibrantjourneys:twigs":4,"immersive_weathering:biomesoplenty/willow_leaf_pile":6,"minecraft:stone":17,"biomesoplenty:willow_log":6,"projectvibrantjourneys:fallen_leaves":1,"minecraft:fern":3,"biomesoplenty:willow_leaves":2},"minecraft:killed_by":{"ecologics:coconut_crab":1,"minecraft:skeleton":2,"minecraft:zombie":1},"minecraft:crafted":{"minecraft:crafting_table":1,"minecraft:wooden_pickaxe":1,"minecraft:stone_sword":1,"biomesoplenty:willow_planks":8},"minecraft:used":{"minecraft:stone_sword":4,"minecraft:wooden_pickaxe":17,"minecraft:crafting_table":1},"minecraft:custom":{"minecraft:time_since_rest":1181,"minecraft:sprint_one_cm":20238,"minecraft:damage_taken":1075,"minecraft:walk_one_cm":24320,"minecraft:damage_dealt":117,"minecraft:swim_one_cm":5778,"minecraft:interact_with_crafting_table":5,"minecraft:fly_one_cm":12485,"minecraft:open_chest":1,"minecraft:crouch_one_cm":1379,"minecraft:play_time":7661,"minecraft:deaths":4,"minecraft:sneak_time":436,"minecraft:walk_under_water_one_cm":539,"minecraft:jump":85,"minecraft:walk_on_water_one_cm":2406,"minecraft:time_since_death":1153,"minecraft:climb_one_cm":866,"minecraft:total_world_time":7661,"minecraft:fall_one_cm":3599},"minecraft:picked_up":{"minecraft:stick":15,"minecraft:crafting_table":3,"ecologics:coconut_slice":2,"projectvibrantjourneys:fallen_leaves":3,"minecraft:wooden_pickaxe":2,"minecraft:sand":4,"immersive_weathering:permafrost":12,"minecraft:dirt":5,"minecraft:stone_sword":1,"minecraft:bone":8,"minecraft:arrow":8,"biomesoplenty:willow_log":20,"biomesoplenty:willow_planks":1,"biomesoplenty:willow_sapling":10,"minecraft:gold_nugget":4,"supplementaries:ash":2,"minecraft:cobblestone":30}},"DataVersion":3465}