{"stats":{"minecraft:mined":{"minecraft:dark_oak_planks":18,"minecraft:spruce_planks":6,"minecraft:crafting_table":1,"projectvibrantjourneys:twigs":4,"minecraft:grass_block":9,"immersive_weathering:biomesoplenty/willow_leaf_pile":10,"biomesoplenty:willow_log":6,"projectvibrantjourneys:fallen_leaves":1,"minecraft:iron_door":1,"minecraft:spawner":4,"minecraft:birch_planks":4,"minecraft:dark_oak_slab":1,"treechop:chopped_log":2,"minecraft:stripped_dark_oak_wood":6,"minecraft:dark_oak_stairs":2,"minecraft:grass":2,"minecraft:dirt":4,"minecraft:stone_bricks":1,"minecraft:tripwire_hook":7,"minecraft:stone":17,"biomesoplenty:willow_leaves":2,"minecraft:green_bed":3,"minecraft:fern":3},"minecraft:killed":{"minecraft:vindicator":3,"minecraft:zombie":1},"minecraft:killed_by":{"minecraft:vindicator":8,"minecraft:skeleton":3,"minecraft:zombie":3,"minecraft:pillager":1,"ecologics:coconut_crab":1},"minecraft:crafted":{"minecraft:crafting_table":4,"minecraft:spruce_planks":28,"minecraft:wooden_pickaxe":1,"minecraft:iron_sword":1,"biomesoplenty:willow_planks":8,"minecraft:shield":3,"minecraft:iron_axe":1,"minecraft:stick":8,"minecraft:iron_pickaxe":1,"minecraft:wooden_axe":1,"minecraft:stone_sword":1,"minecraft:dark_oak_planks":32},"minecraft:dropped":{"minecraft:birch_planks":2,"minecraft:shield":1,"minecraft:iron_chestplate":2,"minecraft:diamond_helmet":1,"minecraft:dark_oak_planks":2},"minecraft:used":{"minecraft:diamond_boots":1,"minecraft:stone_sword":4,"aquaculture:atlantic_herring":1,"minecraft:shield":3,"minecraft:spruce_planks":15,"minecraft:wooden_pickaxe":18,"minecraft:iron_sword":43,"minecraft:iron_chestplate":1,"minecraft:dirt":23,"minecraft:crafting_table":4,"minecraft:diamond_helmet":1,"minecraft:dark_oak_planks":10,"minecraft:wooden_axe":33,"minecraft:stripped_dark_oak_wood":2,"aquaculture:carp":1,"minecraft:iron_axe":6,"minecraft:bread":1,"minecraft:iron_pickaxe":5,"minecraft:diamond_sword":1,"minecraft:cobblestone":5,"immersive_weathering:permafrost":6},"minecraft:custom":{"minecraft:mob_kills":4,"minecraft:interact_with_crafting_table":14,"minecraft:open_barrel":12,"minecraft:leave_game":2,"minecraft:time_since_death":29,"minecraft:climb_one_cm":2499,"minecraft:time_since_rest":58,"minecraft:sprint_one_cm":61910,"minecraft:damage_taken":5821,"minecraft:walk_one_cm":90493,"minecraft:damage_blocked_by_shield":435,"minecraft:drop":6,"minecraft:damage_dealt":977,"minecraft:swim_one_cm":34699,"minecraft:fly_one_cm":44249,"minecraft:open_chest":15,"minecraft:crouch_one_cm":4961,"minecraft:play_time":30165,"minecraft:deaths":17,"minecraft:sneak_time":2176,"minecraft:walk_under_water_one_cm":4007,"minecraft:jump":296,"minecraft:walk_on_water_one_cm":11129,"minecraft:total_world_time":30165,"minecraft:fall_one_cm":8977,"minecraft:inspect_dispenser":2},"minecraft:picked_up":{"minecraft:wooden_axe":3,"minecraft:iron_chestplate":3,"minecraft:crafting_table":3,"minecraft:iron_door":4,"minecraft:tripwire_hook":4,"projectvibrantjourneys:fallen_leaves":3,"aquaculture:blackfish":3,"minecraft:diamond_sword":1,"minecraft:wooden_pickaxe":5,"minecraft:birch_planks":6,"minecraft:shield":2,"aquaculture:rainbow_trout":2,"minecraft:string":2,"minecraft:dirt":29,"minecraft:flint_and_steel":2,"minecraft:pufferfish":2,"minecraft:bone":8,"minecraft:acacia_planks":3,"minecraft:stone_bricks":1,"biomesoplenty:willow_planks":1,"minecraft:gold_nugget":13,"minecraft:spruce_planks":5,"minecraft:iron_ingot":34,"minecraft:cobweb":3,"minecraft:iron_pickaxe":2,"minecraft:diamond_helmet":2,"minecraft:iron_sword":2,"aquaculture:atlantic_herring":2,"minecraft:dark_oak_stairs":1,"minecraft:stick":18,"minecraft:dark_oak_slab":1,"ecologics:coconut_slice":2,"minecraft:green_bed":4,"minecraft:sand":4,"minecraft:spruce_sapling":1,"minecraft:spruce_log":7,"immersive_weathering:permafrost":12,"minecraft:dark_oak_log":8,"minecraft:dark_oak_planks":49,"minecraft:stone_sword":1,"minecraft:arrow":8,"minecraft:rotten_flesh":1,"biomesoplenty:willow_log":20,"minecraft:diamond":49,"biomesoplenty:willow_sapling":11,"aquaculture:brown_trout":2,"minecraft:diamond_boots":6,"minecraft:stripped_dark_oak_wood":12,"aquaculture:carp":3,"minecraft:bread":2,"minecraft:emerald":32,"supplementaries:ash":2,"minecraft:cod":1,"minecraft:cobblestone":30}},"DataVersion":3465}