{"stats":{"minecraft:mined":{"minecraft:dark_oak_planks":14,"minecraft:spruce_planks":6,"minecraft:crafting_table":1,"projectvibrantjourneys:twigs":4,"minecraft:grass_block":9,"immersive_weathering:biomesoplenty/willow_leaf_pile":10,"biomesoplenty:willow_log":6,"projectvibrantjourneys:fallen_leaves":1,"minecraft:spawner":2,"minecraft:birch_planks":4,"minecraft:dark_oak_slab":1,"treechop:chopped_log":2,"minecraft:stripped_dark_oak_wood":6,"minecraft:dark_oak_stairs":2,"minecraft:grass":2,"minecraft:dirt":2,"minecraft:tripwire_hook":4,"minecraft:stone":17,"biomesoplenty:willow_leaves":2,"minecraft:green_bed":3,"minecraft:fern":3},"minecraft:killed":{"minecraft:zombie":1},"minecraft:killed_by":{"minecraft:skeleton":2,"minecraft:zombie":3,"minecraft:pillager":1,"ecologics:coconut_crab":1},"minecraft:crafted":{"minecraft:crafting_table":2,"minecraft:spruce_planks":28,"minecraft:wooden_pickaxe":1,"minecraft:iron_sword":1,"biomesoplenty:willow_planks":8,"minecraft:shield":2,"minecraft:iron_pickaxe":1,"minecraft:wooden_axe":1,"minecraft:stone_sword":1,"minecraft:dark_oak_planks":16},"minecraft:dropped":{"minecraft:birch_planks":2,"minecraft:shield":1,"minecraft:diamond_helmet":1,"minecraft:dark_oak_planks":2},"minecraft:used":{"minecraft:stone_sword":4,"minecraft:spruce_planks":15,"minecraft:wooden_pickaxe":18,"minecraft:iron_sword":32,"minecraft:dirt":21,"minecraft:crafting_table":2,"minecraft:dark_oak_planks":3,"minecraft:wooden_axe":32,"minecraft:iron_pickaxe":1,"minecraft:cobblestone":5,"immersive_weathering:permafrost":6},"minecraft:custom":{"minecraft:mob_kills":1,"minecraft:interact_with_crafting_table":10,"minecraft:open_barrel":6,"minecraft:leave_game":2,"minecraft:time_since_death":0,"minecraft:climb_one_cm":2499,"minecraft:time_since_rest":200,"minecraft:sprint_one_cm":29482,"minecraft:damage_taken":2260,"minecraft:walk_one_cm":51629,"minecraft:drop":4,"minecraft:damage_dealt":438,"minecraft:swim_one_cm":27249,"minecraft:fly_one_cm":27133,"minecraft:open_chest":5,"minecraft:crouch_one_cm":4915,"minecraft:play_time":20433,"minecraft:deaths":8,"minecraft:sneak_time":2144,"minecraft:walk_under_water_one_cm":3440,"minecraft:jump":192,"minecraft:walk_on_water_one_cm":8897,"minecraft:total_world_time":20433,"minecraft:fall_one_cm":6587,"minecraft:inspect_dispenser":2},"minecraft:picked_up":{"minecraft:crafting_table":3,"minecraft:tripwire_hook":2,"projectvibrantjourneys:fallen_leaves":3,"minecraft:wooden_pickaxe":2,"minecraft:birch_planks":3,"minecraft:dirt":27,"minecraft:bone":8,"biomesoplenty:willow_planks":1,"minecraft:gold_nugget":4,"minecraft:spruce_planks":5,"minecraft:dark_oak_stairs":1,"minecraft:stick":18,"minecraft:dark_oak_slab":1,"ecologics:coconut_slice":2,"minecraft:green_bed":3,"minecraft:sand":4,"minecraft:spruce_sapling":1,"minecraft:spruce_log":7,"immersive_weathering:permafrost":12,"minecraft:dark_oak_planks":10,"minecraft:stone_sword":1,"minecraft:arrow":8,"minecraft:rotten_flesh":1,"biomesoplenty:willow_log":20,"biomesoplenty:willow_sapling":11,"minecraft:stripped_dark_oak_wood":5,"supplementaries:ash":2,"minecraft:cobblestone":30}},"DataVersion":3465}