{"stats":{"minecraft:mined":{"minecraft:dark_oak_planks":27,"minecraft:tuff":1,"minecraft:spruce_planks":26,"minecraft:oak_sapling":1,"minecraft:dark_oak_leaves":9,"minecraft:cobblestone_stairs":1,"minecraft:jungle_leaves":3,"minecraft:dark_oak_log":1,"minecraft:spruce_fence":1,"minecraft:grass_block":17,"immersive_weathering:azalea_leaf_pile":3,"minecraft:oxeye_daisy":1,"minecraft:spawner":9,"immersive_weathering:exposed_iron_door":1,"minecraft:hay_block":22,"minecraft:fire":35,"minecraft:barrel":1,"projectvibrantjourneys:orange_bark_mushroom":1,"projectvibrantjourneys:bark_mushroom":1,"minecraft:pumpkin":2,"treechop:chopped_log":9,"minecraft:stripped_dark_oak_wood":7,"minecraft:gold_block":1,"minecraft:dark_oak_stairs":4,"minecraft:light_gray_concrete":8,"minecraft:pink_tulip":2,"minecraft:spruce_wood":3,"minecraft:stone":49,"biomesoplenty:willow_leaves":2,"minecraft:spruce_slab":1,"minecraft:green_bed":3,"immersive_weathering:oak_leaf_pile":1,"projectvibrantjourneys:cattail":2,"minecraft:gray_concrete":1,"biomesoplenty:wildflower":1,"minecraft:dandelion":2,"minecraft:chiseled_quartz_block":2,"minecraft:oak_fence":1,"minecraft:crafting_table":5,"projectvibrantjourneys:twigs":4,"biomesoplenty:fir_planks":2,"minecraft:melon":43,"minecraft:rose_bush":1,"minecraft:tall_grass":39,"minecraft:cobblestone":4,"immersive_weathering:biomesoplenty/willow_leaf_pile":10,"minecraft:lily_pad":2,"biomesoplenty:willow_log":6,"projectvibrantjourneys:fallen_leaves":1,"minecraft:iron_door":1,"minecraft:blue_bed":3,"minecraft:spruce_stairs":1,"minecraft:birch_planks":12,"projectvibrantjourneys:light_brown_bark_mushroom":2,"minecraft:dark_oak_slab":1,"minecraft:acacia_fence_gate":1,"minecraft:spruce_log":1,"minecraft:birch_leaves":1,"minecraft:stone_brick_stairs":1,"minecraft:grass":104,"minecraft:coal_ore":14,"projectvibrantjourneys:short_grass":29,"minecraft:acacia_fence":1,"minecraft:gravel":1,"minecraft:smooth_quartz":5,"minecraft:dirt":13,"minecraft:cobweb":2,"minecraft:tripwire_hook":7,"minecraft:dispenser":1,"minecraft:stone_bricks":6,"projectvibrantjourneys:oak_hollow_log":1,"minecraft:oak_leaves":2,"minecraft:fern":49},"minecraft:killed":{"naturalist:zebra":2,"minecraft:spider":4,"minecraft:vindicator":3,"naturalist:tortoise":1,"minecraft:phantom":1,"minecraft:horse":9,"naturalist:snail":1,"minecraft:skeleton":11,"naturalist:bear":1,"minecraft:zombie_villager":1,"minecraft:sheep":8,"minecraft:pillager":2,"minecraft:zombie":12,"minecraft:cow":6},"minecraft:killed_by":{"minecraft:husk":1,"minecraft:player":1,"minecraft:creeper":1,"minecraft:pillager":2,"minecraft:vindicator":8,"minecraft:skeleton":3,"minecraft:zombie":4,"ecologics:coconut_crab":1},"minecraft:crafted":{"hangglider:glider_framework":2,"minecraft:oak_planks":34,"hangglider:hang_glider":1,"hangglider:glider_wing":2,"minecraft:diamond_helmet":1,"minecraft:bow":2,"minecraft:iron_axe":1,"minecraft:chest":2,"minecraft:dark_oak_planks":36,"minecraft:glistering_melon_slice":8,"minecraft:wheat":162,"minecraft:diamond_sword":1,"minecraft:crafting_table":6,"minecraft:spruce_planks":28,"minecraft:wooden_pickaxe":1,"minecraft:iron_sword":1,"biomesoplenty:willow_planks":8,"minecraft:bread":54,"minecraft:gold_nugget":81,"minecraft:shield":5,"minecraft:stick":16,"minecraft:iron_pickaxe":2,"minecraft:wooden_axe":1,"minecraft:stone_sword":1,"minecraft:gold_ingot":9,"minecraft:white_bed":1,"minecraft:torch":36},"minecraft:used":{"minecraft:stone_sword":4,"minecraft:flint_and_steel":35,"minecraft:chest":2,"minecraft:spruce_planks":33,"minecraft:shield":11,"minecraft:iron_sword":209,"minecraft:iron_chestplate":2,"minecraft:torch":8,"minecraft:dirt":27,"minecraft:diamond_helmet":1,"minecraft:dark_oak_planks":12,"minecraft:wooden_axe":38,"minecraft:stripped_dark_oak_wood":2,"minecraft:iron_axe":251,"minecraft:barrel":1,"minecraft:stone_bricks":1,"minecraft:bow":24,"minecraft:hay_block":2,"immersive_weathering:permafrost":6,"minecraft:goat_horn":2,"minecraft:potato":2,"minecraft:cooked_beef":10,"minecraft:cooked_mutton":2,"minecraft:diamond_boots":1,"minecraft:birch_planks":3,"aquaculture:atlantic_herring":1,"minecraft:oak_planks":27,"minecraft:wooden_pickaxe":18,"biomesoplenty:fir_planks":37,"minecraft:blue_bed":3,"minecraft:white_wool":1,"minecraft:salmon":1,"minecraft:crafting_table":10,"minecraft:white_bed":2,"aquaculture:carp":2,"minecraft:bread":25,"minecraft:melon_slice":60,"minecraft:iron_pickaxe":98,"minecraft:diamond_sword":187,"minecraft:cobblestone":15,"minecraft:cooked_porkchop":4,"aquaculture:brown_shrooma":1,"minecraft:cobweb":2},"minecraft:dropped":{"minecraft:bread":34,"minecraft:dark_oak_stairs":2,"minecraft:birch_planks":2,"minecraft:wheat_seeds":52,"minecraft:baked_potato":13,"minecraft:diamond":30,"aquaculture:brown_trout":1,"minecraft:mossy_cobblestone":1,"minecraft:iron_helmet":1,"minecraft:cobblestone":34,"minecraft:spruce_stairs":1,"projectvibrantjourneys:orange_bark_mushroom":2,"minecraft:dirt":17,"minecraft:stone_button":2,"minecraft:dispenser":1,"minecraft:melon_slice":66,"minecraft:iron_door":1,"minecraft:diamond_helmet":1,"minecraft:glistering_melon_slice":8,"minecraft:lily_pad":1,"minecraft:dandelion":2,"minecraft:dark_oak_planks":2,"minecraft:tripwire_hook":2,"minecraft:white_wool":2,"projectvibrantjourneys:bark_mushroom":3,"minecraft:white_tulip":6,"hangglider:glider_framework":1,"minecraft:golden_chestplate":1,"minecraft:tuff":1,"minecraft:birch_sapling":1,"minecraft:rotten_flesh":3,"minecraft:cooked_mutton":5,"aquaculture:rainbow_trout":1,"minecraft:spruce_fence":2,"projectvibrantjourneys:light_brown_bark_mushroom":10,"supplementaries:ash":1,"minecraft:shield":4,"minecraft:iron_chestplate":3,"minecraft:oak_sapling":20,"minecraft:stone_bricks":1,"minecraft:spider_eye":2,"minecraft:barrel":1,"minecraft:bow":1,"minecraft:stone_brick_stairs":1},"minecraft:custom":{"minecraft:mob_kills":71,"minecraft:interact_with_crafting_table":39,"minecraft:open_barrel":25,"minecraft:damage_dealt_resisted":147,"minecraft:leave_game":3,"minecraft:time_since_death":57710,"minecraft:climb_one_cm":21593,"minecraft:sprint_one_cm":502877,"minecraft:walk_one_cm":435719,"minecraft:damage_blocked_by_shield":645,"minecraft:drop":74,"minecraft:talked_to_villager":1,"minecraft:play_time":155640,"minecraft:deaths":22,"minecraft:sneak_time":9953,"minecraft:walk_under_water_one_cm":7270,"minecraft:jump":3295,"minecraft:walk_on_water_one_cm":26675,"minecraft:total_world_time":155640,"minecraft:interact_with_furnace":1,"minecraft:sleep_in_bed":5,"minecraft:time_since_rest":35111,"minecraft:damage_taken":10642,"minecraft:damage_dealt":10616,"minecraft:player_kills":1,"minecraft:fly_one_cm":645161,"minecraft:swim_one_cm":64662,"minecraft:open_chest":55,"minecraft:crouch_one_cm":27364,"minecraft:interact_with_smoker":1,"minecraft:fall_one_cm":103694,"minecraft:inspect_dispenser":2,"minecraft:horse_one_cm":5672},"minecraft:picked_up":{"minecraft:iron_chestplate":11,"minecraft:crafting_table":9,"minecraft:lead":1,"aquaculture:blackfish":5,"minecraft:diamond_sword":3,"minecraft:wooden_pickaxe":7,"minecraft:gold_block":1,"minecraft:enchanted_book":5,"minecraft:stone_brick_stairs":1,"minecraft:shield":7,"minecraft:string":9,"minecraft:iron_axe":4,"minecraft:flint_and_steel":6,"minecraft:pufferfish":2,"biomesoplenty:willow_planks":1,"minecraft:diamond_leggings":3,"minecraft:gold_nugget":31,"biomesoplenty:fir_planks":134,"minecraft:spruce_planks":35,"minecraft:beef":2,"minecraft:white_tulip":6,"minecraft:rose_bush":1,"minecraft:smooth_quartz":5,"minecraft:azalea":3,"minecraft:iron_pickaxe":5,"minecraft:light_gray_wool":3,"minecraft:melon_slice":358,"minecraft:birch_sapling":1,"minecraft:tipped_arrow":22,"minecraft:stick":48,"minecraft:acacia_fence":1,"ecologics:coconut_slice":2,"projectvibrantjourneys:bark_mushroom":3,"minecraft:torch":66,"minecraft:green_bed":4,"minecraft:spruce_stairs":2,"minecraft:spruce_fence":3,"minecraft:stone_button":4,"immersive_weathering:permafrost":12,"minecraft:golden_chestplate":2,"minecraft:dark_oak_planks":123,"minecraft:stone_sword":1,"minecraft:arrow":36,"minecraft:honey_bottle":2,"minecraft:rotten_flesh":12,"projectvibrantjourneys:cattail":1,"biomesoplenty:willow_sapling":11,"aquaculture:brown_trout":4,"minecraft:diamond_boots":13,"minecraft:hay_block":39,"minecraft:stripped_dark_oak_wood":15,"aquaculture:carp":4,"minecraft:gold_ingot":10,"minecraft:saddle":3,"minecraft:glistering_melon_slice":8,"supplementaries:ash":4,"minecraft:cod":1,"minecraft:mutton":2,"minecraft:obsidian":6,"minecraft:white_wool":6,"minecraft:cobblestone":173,"minecraft:cooked_beef":17,"minecraft:iron_door":7,"minecraft:tripwire_hook":12,"minecraft:andesite":1,"minecraft:salmon":1,"projectvibrantjourneys:fallen_leaves":3,"minecraft:leather":11,"minecraft:chiseled_quartz_block":2,"biomesoplenty:fir_sapling":1,"minecraft:birch_planks":13,"minecraft:tuff":1,"minecraft:oak_log":71,"minecraft:lily_pad":2,"minecraft:gray_concrete":1,"aquaculture:rainbow_trout":5,"minecraft:blue_bed":6,"minecraft:dirt":52,"minecraft:cooked_mutton":13,"immersive_weathering:exposed_iron_door":1,"minecraft:bone":19,"minecraft:acacia_planks":3,"minecraft:stone_bricks":7,"aquaculture:brown_shrooma":1,"minecraft:bow":5,"minecraft:wheat_seeds":66,"minecraft:spruce_wood":3,"minecraft:iron_ingot":47,"minecraft:cobweb":9,"minecraft:diamond_helmet":6,"minecraft:iron_sword":5,"aquaculture:atlantic_herring":2,"minecraft:dark_oak_stairs":4,"projectvibrantjourneys:light_brown_bark_mushroom":11,"minecraft:dark_oak_slab":1,"minecraft:cooked_porkchop":4,"minecraft:pumpkin":4,"securitycraft:dirt_mine":1,"minecraft:dandelion":2,"aquaculture:piranha":3,"minecraft:sand":4,"minecraft:spruce_sapling":1,"minecraft:white_bed":1,"minecraft:spruce_log":7,"minecraft:dark_oak_log":8,"minecraft:spider_eye":3,"minecraft:barrel":3,"minecraft:mossy_cobblestone":1,"minecraft:light_gray_concrete":7,"minecraft:dispenser":2,"minecraft:slime_ball":1,"biomesoplenty:willow_log":20,"minecraft:diamond":193,"minecraft:iron_helmet":1,"minecraft:gray_wool":1,"minecraft:golden_apple":5,"minecraft:emerald":212,"minecraft:bread":36,"minecraft:baked_potato":26,"projectvibrantjourneys:orange_bark_mushroom":2,"minecraft:oak_sapling":20,"minecraft:coal":24,"minecraft:wooden_axe":7}},"DataVersion":3465}