{"stats":{"minecraft:mined":{"minecraft:dark_oak_planks":27,"minecraft:spruce_planks":26,"minecraft:crafting_table":2,"projectvibrantjourneys:twigs":4,"minecraft:grass_block":9,"minecraft:melon":25,"immersive_weathering:biomesoplenty/willow_leaf_pile":10,"biomesoplenty:willow_log":6,"projectvibrantjourneys:fallen_leaves":1,"minecraft:iron_door":1,"minecraft:blue_bed":2,"minecraft:spawner":5,"minecraft:hay_block":21,"minecraft:birch_planks":12,"minecraft:dark_oak_slab":1,"minecraft:fire":1,"minecraft:barrel":1,"minecraft:pumpkin":2,"treechop:chopped_log":2,"minecraft:stripped_dark_oak_wood":7,"minecraft:dark_oak_stairs":2,"minecraft:grass":2,"minecraft:coal_ore":14,"minecraft:dirt":4,"minecraft:stone_bricks":1,"minecraft:tripwire_hook":7,"minecraft:stone":18,"biomesoplenty:willow_leaves":2,"minecraft:green_bed":3,"minecraft:fern":3},"minecraft:killed":{"minecraft:zombie_villager":1,"minecraft:spider":1,"minecraft:vindicator":3,"minecraft:pillager":1,"minecraft:zombie":2},"minecraft:killed_by":{"minecraft:vindicator":8,"minecraft:player":1,"minecraft:skeleton":3,"minecraft:zombie":4,"minecraft:pillager":2,"ecologics:coconut_crab":1},"minecraft:crafted":{"minecraft:crafting_table":5,"minecraft:spruce_planks":28,"minecraft:wooden_pickaxe":1,"minecraft:iron_sword":1,"biomesoplenty:willow_planks":8,"minecraft:bread":54,"minecraft:shield":3,"minecraft:iron_axe":1,"minecraft:stick":8,"minecraft:iron_pickaxe":2,"minecraft:wooden_axe":1,"minecraft:stone_sword":1,"minecraft:dark_oak_planks":32,"minecraft:wheat":162},"minecraft:dropped":{"minecraft:birch_planks":2,"minecraft:rotten_flesh":1,"minecraft:shield":1,"minecraft:iron_chestplate":2,"minecraft:diamond_helmet":1,"minecraft:dark_oak_planks":2},"minecraft:used":{"minecraft:diamond_boots":1,"minecraft:stone_sword":4,"minecraft:birch_planks":3,"aquaculture:atlantic_herring":1,"minecraft:shield":9,"minecraft:spruce_planks":33,"minecraft:wooden_pickaxe":18,"minecraft:iron_sword":63,"minecraft:blue_bed":1,"minecraft:iron_chestplate":2,"minecraft:salmon":1,"minecraft:dirt":23,"minecraft:crafting_table":5,"minecraft:diamond_helmet":1,"minecraft:dark_oak_planks":12,"minecraft:wooden_axe":38,"minecraft:stripped_dark_oak_wood":2,"aquaculture:carp":2,"minecraft:melon_slice":13,"minecraft:iron_axe":87,"minecraft:bread":2,"minecraft:iron_pickaxe":21,"minecraft:stone_bricks":1,"minecraft:diamond_sword":1,"minecraft:cobblestone":5,"minecraft:hay_block":2,"immersive_weathering:permafrost":6,"aquaculture:brown_shrooma":1},"minecraft:custom":{"minecraft:mob_kills":8,"minecraft:interact_with_crafting_table":16,"minecraft:open_barrel":16,"minecraft:leave_game":2,"minecraft:sleep_in_bed":1,"minecraft:time_since_death":6149,"minecraft:climb_one_cm":2499,"minecraft:time_since_rest":2109,"minecraft:sprint_one_cm":88922,"minecraft:damage_taken":7211,"minecraft:walk_one_cm":120929,"minecraft:damage_blocked_by_shield":555,"minecraft:drop":7,"minecraft:damage_dealt":1901,"minecraft:swim_one_cm":44318,"minecraft:fly_one_cm":68192,"minecraft:open_chest":17,"minecraft:crouch_one_cm":8792,"minecraft:play_time":42165,"minecraft:deaths":20,"minecraft:sneak_time":3392,"minecraft:walk_under_water_one_cm":5630,"minecraft:jump":464,"minecraft:walk_on_water_one_cm":15830,"minecraft:total_world_time":42165,"minecraft:fall_one_cm":13130,"minecraft:inspect_dispenser":2},"minecraft:picked_up":{"minecraft:wooden_axe":7,"minecraft:iron_chestplate":9,"minecraft:crafting_table":4,"minecraft:salmon":1,"minecraft:iron_door":6,"minecraft:tripwire_hook":10,"projectvibrantjourneys:fallen_leaves":3,"aquaculture:blackfish":5,"minecraft:diamond_sword":1,"minecraft:wooden_pickaxe":7,"minecraft:birch_planks":13,"minecraft:enchanted_book":2,"minecraft:shield":4,"minecraft:blue_bed":4,"aquaculture:rainbow_trout":4,"minecraft:string":4,"minecraft:dirt":29,"minecraft:iron_axe":2,"minecraft:flint_and_steel":4,"minecraft:pufferfish":2,"minecraft:bone":8,"minecraft:acacia_planks":3,"minecraft:stone_bricks":2,"aquaculture:brown_shrooma":1,"biomesoplenty:willow_planks":1,"minecraft:diamond_leggings":1,"minecraft:gold_nugget":31,"minecraft:spruce_planks":35,"minecraft:iron_ingot":37,"minecraft:cobweb":9,"minecraft:iron_pickaxe":3,"minecraft:diamond_helmet":5,"minecraft:melon_slice":204,"minecraft:iron_sword":4,"aquaculture:atlantic_herring":2,"minecraft:dark_oak_stairs":1,"minecraft:stick":32,"minecraft:dark_oak_slab":1,"minecraft:pumpkin":4,"ecologics:coconut_slice":2,"minecraft:green_bed":4,"aquaculture:piranha":3,"minecraft:sand":4,"minecraft:spruce_sapling":1,"minecraft:barrel":2,"minecraft:spruce_log":7,"immersive_weathering:permafrost":12,"minecraft:dark_oak_log":8,"minecraft:dark_oak_planks":87,"minecraft:honey_bottle":2,"minecraft:stone_sword":1,"minecraft:arrow":8,"minecraft:rotten_flesh":3,"biomesoplenty:willow_log":20,"minecraft:diamond":122,"biomesoplenty:willow_sapling":11,"aquaculture:brown_trout":4,"minecraft:diamond_boots":11,"minecraft:hay_block":39,"minecraft:stripped_dark_oak_wood":15,"aquaculture:carp":4,"minecraft:bread":2,"minecraft:emerald":94,"minecraft:baked_potato":13,"supplementaries:ash":2,"minecraft:coal":14,"minecraft:cod":1,"minecraft:cobblestone":31}},"DataVersion":3465}