{"stats":{"minecraft:mined":{"minecraft:dark_oak_planks":27,"minecraft:stone_pressure_plate":1,"minecraft:spruce_planks":26,"minecraft:oak_sapling":1,"immersive_weathering:earthen_clay":3,"minecraft:cobblestone_stairs":1,"minecraft:jungle_leaves":3,"minecraft:grass_block":17,"minecraft:oxeye_daisy":1,"minecraft:spawner":10,"immersive_weathering:exposed_iron_door":1,"minecraft:barrel":1,"minecraft:fire":37,"projectvibrantjourneys:bark_mushroom":1,"minecraft:pumpkin":2,"minecraft:stripped_dark_oak_wood":7,"minecraft:dark_oak_stairs":4,"minecraft:light_gray_concrete":8,"minecraft:pink_tulip":2,"minecraft:spruce_wood":3,"minecraft:spruce_slab":1,"minecraft:green_bed":3,"immersive_weathering:oak_leaf_pile":1,"biomesoplenty:willow_leaves":2,"projectvibrantjourneys:cattail":2,"biomesoplenty:wildflower":1,"minecraft:clay":2,"minecraft:chiseled_quartz_block":2,"projectvibrantjourneys:twigs":4,"minecraft:melon":43,"minecraft:cobblestone":5,"immersive_weathering:biomesoplenty/willow_leaf_pile":10,"projectvibrantjourneys:fallen_leaves":1,"minecraft:iron_door":1,"projectvibrantjourneys:light_brown_bark_mushroom":2,"minecraft:dark_oak_slab":1,"minecraft:stone_brick_stairs":1,"minecraft:grass":113,"projectvibrantjourneys:short_grass":33,"immersive_weathering:grassy_earthen_clay":3,"minecraft:acacia_fence":1,"minecraft:dirt":14,"minecraft:smooth_quartz":5,"minecraft:tripwire_hook":7,"minecraft:dispenser":1,"minecraft:oak_leaves":2,"minecraft:red_carpet":1,"minecraft:tuff":1,"minecraft:dark_oak_leaves":9,"minecraft:dark_oak_log":1,"minecraft:spruce_fence":1,"immersive_weathering:azalea_leaf_pile":3,"minecraft:hay_block":22,"minecraft:furnace":1,"projectvibrantjourneys:orange_bark_mushroom":1,"treechop:chopped_log":9,"minecraft:gold_block":1,"minecraft:stone":62,"minecraft:gray_concrete":1,"minecraft:glass_pane":6,"minecraft:dandelion":2,"minecraft:oak_fence":1,"minecraft:crafting_table":5,"biomesoplenty:fir_planks":2,"minecraft:rose_bush":1,"minecraft:tall_grass":40,"biomesoplenty:willow_log":6,"minecraft:lily_pad":2,"minecraft:blue_bed":3,"minecraft:spruce_stairs":1,"minecraft:birch_planks":12,"minecraft:acacia_fence_gate":1,"minecraft:spruce_log":1,"minecraft:birch_leaves":1,"minecraft:coal_ore":17,"minecraft:gravel":1,"minecraft:cobweb":2,"minecraft:stone_bricks":6,"projectvibrantjourneys:oak_hollow_log":1,"minecraft:fern":49},"minecraft:killed":{"naturalist:zebra":2,"minecraft:spider":5,"naturalist:snail":1,"minecraft:skeleton":11,"minecraft:zombie_villager":2,"minecraft:creeper":1,"minecraft:sheep":9,"minecraft:pillager":2,"minecraft:donkey":1,"minecraft:zombie":17,"minecraft:stray":1,"takesapillage:archer":2,"minecraft:cow":6,"minecraft:vindicator":3,"naturalist:tortoise":1,"minecraft:phantom":1,"minecraft:horse":12,"naturalist:bear":1,"takesapillage:skirmisher":1},"minecraft:killed_by":{"minecraft:creeper":1,"minecraft:pillager":2,"minecraft:vindicator":8,"minecraft:zombie":4,"minecraft:husk":1,"minecraft:player":1,"minecraft:skeleton":3,"ecologics:coconut_crab":1},"minecraft:crafted":{"minecraft:oak_planks":122,"hangglider:hang_glider":2,"minecraft:diamond_helmet":1,"minecraft:bow":2,"minecraft:chest":2,"minecraft:crafting_table":6,"minecraft:spruce_planks":28,"minecraft:wooden_pickaxe":1,"farmersdelight:beef_patty":4,"minecraft:shield":5,"minecraft:stick":16,"minecraft:iron_pickaxe":2,"minecraft:stone_sword":1,"minecraft:gold_ingot":9,"hangglider:glider_framework":3,"minecraft:furnace":1,"hangglider:glider_wing":4,"minecraft:iron_axe":1,"minecraft:dark_oak_planks":36,"minecraft:glistering_melon_slice":8,"minecraft:wheat":162,"minecraft:cooked_beef":9,"minecraft:diamond_sword":1,"minecraft:iron_sword":1,"biomesoplenty:willow_planks":8,"minecraft:bread":54,"minecraft:air":0,"minecraft:gold_nugget":81,"minecraft:wooden_axe":1,"minecraft:white_bed":1,"minecraft:torch":36},"minecraft:used":{"minecraft:chest":2,"minecraft:shield":14,"minecraft:iron_sword":209,"minecraft:iron_chestplate":2,"minecraft:mutton":3,"minecraft:stripped_dark_oak_wood":2,"minecraft:stone_bricks":1,"minecraft:bow":28,"immersive_weathering:permafrost":6,"minecraft:hay_block":2,"minecraft:furnace":1,"minecraft:potato":2,"minecraft:diamond_boots":1,"aquaculture:atlantic_herring":1,"minecraft:oak_planks":116,"minecraft:wooden_pickaxe":18,"biomesoplenty:fir_planks":37,"minecraft:blue_bed":3,"minecraft:white_wool":1,"minecraft:golden_apple":4,"minecraft:melon_slice":60,"minecraft:bread":25,"minecraft:diamond_sword":281,"aquaculture:brown_shrooma":1,"minecraft:cobweb":2,"minecraft:stone_sword":4,"minecraft:flint_and_steel":35,"minecraft:spruce_planks":33,"minecraft:torch":10,"minecraft:dirt":27,"minecraft:diamond_helmet":1,"minecraft:wooden_axe":38,"minecraft:dark_oak_planks":12,"minecraft:iron_axe":253,"minecraft:barrel":1,"minecraft:goat_horn":2,"minecraft:cooked_beef":13,"minecraft:cooked_mutton":8,"minecraft:birch_planks":3,"minecraft:salmon":1,"minecraft:crafting_table":10,"minecraft:white_bed":2,"aquaculture:carp":2,"minecraft:iron_pickaxe":128,"minecraft:cobblestone":43,"minecraft:cooked_porkchop":4},"minecraft:dropped":{"minecraft:birch_planks":2,"minecraft:dark_oak_stairs":2,"minecraft:baked_potato":13,"minecraft:diamond":30,"aquaculture:brown_trout":1,"minecraft:saddle":1,"projectvibrantjourneys:orange_bark_mushroom":2,"minecraft:dirt":17,"minecraft:stone_button":2,"minecraft:dispenser":1,"minecraft:glistering_melon_slice":8,"minecraft:dark_oak_planks":2,"minecraft:white_wool":2,"projectvibrantjourneys:bark_mushroom":3,"minecraft:white_tulip":6,"hangglider:glider_framework":1,"minecraft:goat_horn":1,"hangglider:hang_glider":1,"minecraft:golden_chestplate":1,"minecraft:wheat":3,"minecraft:birch_sapling":1,"minecraft:rotten_flesh":4,"minecraft:cooked_mutton":5,"aquaculture:rainbow_trout":1,"projectvibrantjourneys:light_brown_bark_mushroom":10,"supplementaries:ash":1,"minecraft:turtle_helmet":1,"minecraft:gunpowder":14,"farmersdelight:rope":9,"minecraft:arrow":2,"minecraft:stone_brick_stairs":1,"minecraft:bread":34,"minecraft:wheat_seeds":54,"minecraft:mossy_cobblestone":1,"minecraft:iron_helmet":1,"minecraft:cobblestone":34,"minecraft:spruce_stairs":1,"minecraft:melon_slice":66,"minecraft:iron_door":1,"minecraft:diamond_helmet":1,"minecraft:tripwire_hook":2,"minecraft:lily_pad":1,"minecraft:dandelion":2,"minecraft:tuff":1,"minecraft:spruce_fence":2,"minecraft:shield":4,"minecraft:iron_chestplate":3,"minecraft:oak_sapling":20,"minecraft:stone_pressure_plate":1,"minecraft:barrel":1,"minecraft:spider_eye":2,"minecraft:stone_bricks":1,"minecraft:bow":1},"minecraft:custom":{"minecraft:interact_with_crafting_table":43,"minecraft:open_barrel":25,"minecraft:leave_game":3,"minecraft:time_since_death":81710,"minecraft:damage_resisted":339,"minecraft:sprint_one_cm":582411,"minecraft:damage_blocked_by_shield":945,"minecraft:drop":85,"minecraft:talked_to_villager":1,"minecraft:play_time":179640,"minecraft:deaths":22,"minecraft:jump":4062,"minecraft:walk_on_water_one_cm":39582,"minecraft:interact_with_furnace":6,"minecraft:sleep_in_bed":5,"minecraft:damage_dealt":13617,"minecraft:player_kills":1,"minecraft:crouch_one_cm":29352,"minecraft:interact_with_smoker":1,"minecraft:inspect_dispenser":2,"minecraft:horse_one_cm":5672,"minecraft:mob_kills":90,"minecraft:damage_dealt_resisted":829,"minecraft:climb_one_cm":21593,"minecraft:walk_one_cm":495317,"minecraft:sneak_time":10478,"minecraft:walk_under_water_one_cm":9847,"minecraft:total_world_time":179640,"minecraft:time_since_rest":59111,"minecraft:damage_taken":11835,"minecraft:damage_absorbed":129,"minecraft:swim_one_cm":73522,"minecraft:fly_one_cm":809916,"minecraft:open_chest":62,"minecraft:fall_one_cm":123085},"minecraft:picked_up":{"minecraft:wooden_axe":7,"minecraft:iron_chestplate":11,"minecraft:wheat":3,"aquaculture:blackfish":5,"minecraft:lead":1,"minecraft:diamond_sword":3,"minecraft:enchanted_book":5,"minecraft:stone_brick_stairs":1,"minecraft:string":9,"minecraft:pufferfish":2,"minecraft:diamond_leggings":3,"minecraft:gold_nugget":31,"biomesoplenty:fir_planks":134,"minecraft:spruce_planks":35,"minecraft:acacia_fence_gate":1,"minecraft:white_tulip":6,"minecraft:rose_bush":1,"minecraft:azalea":3,"minecraft:iron_pickaxe":5,"minecraft:smooth_quartz":5,"minecraft:melon_slice":358,"minecraft:furnace":1,"minecraft:tipped_arrow":86,"minecraft:stick":48,"minecraft:acacia_fence":1,"minecraft:torch":66,"minecraft:green_bed":4,"minecraft:spruce_stairs":2,"minecraft:golden_chestplate":2,"minecraft:stone_sword":1,"minecraft:honey_bottle":2,"minecraft:rotten_flesh":13,"farmersdelight:rope":9,"projectvibrantjourneys:cattail":1,"supplementaries:ash":4,"minecraft:obsidian":6,"minecraft:cod":1,"minecraft:cobblestone":183,"minecraft:cooked_beef":17,"minecraft:iron_door":7,"minecraft:andesite":1,"projectvibrantjourneys:fallen_leaves":3,"minecraft:chiseled_quartz_block":2,"biomesoplenty:fir_sapling":1,"minecraft:tuff":1,"minecraft:gray_concrete":1,"minecraft:dirt":52,"immersive_weathering:exposed_iron_door":1,"minecraft:bone":20,"minecraft:acacia_planks":3,"minecraft:bow":6,"minecraft:wheat_seeds":68,"minecraft:diamond_helmet":6,"aquaculture:atlantic_herring":2,"minecraft:cooked_porkchop":4,"securitycraft:dirt_mine":1,"minecraft:sand":4,"minecraft:dark_oak_log":8,"minecraft:barrel":3,"minecraft:mossy_cobblestone":1,"minecraft:light_gray_concrete":7,"minecraft:dispenser":2,"biomesoplenty:willow_log":20,"minecraft:diamond":193,"minecraft:golden_apple":5,"minecraft:bread":36,"minecraft:emerald":214,"minecraft:oak_sapling":20,"minecraft:crafting_table":9,"minecraft:turtle_helmet":2,"minecraft:wooden_pickaxe":7,"minecraft:gold_block":1,"minecraft:shield":7,"minecraft:iron_axe":4,"minecraft:flint_and_steel":6,"minecraft:item_frame":4,"biomesoplenty:willow_planks":1,"farmersdelight:beef_patty":1,"minecraft:beef":2,"minecraft:light_gray_wool":3,"minecraft:birch_sapling":1,"ecologics:coconut_slice":2,"projectvibrantjourneys:bark_mushroom":3,"minecraft:spruce_fence":3,"minecraft:stone_button":4,"immersive_weathering:permafrost":12,"minecraft:stone_pressure_plate":1,"minecraft:dark_oak_planks":123,"minecraft:arrow":40,"biomesoplenty:willow_sapling":11,"aquaculture:brown_trout":4,"minecraft:diamond_boots":13,"minecraft:hay_block":39,"minecraft:stripped_dark_oak_wood":15,"minecraft:glistering_melon_slice":8,"aquaculture:carp":4,"minecraft:saddle":3,"minecraft:gold_ingot":10,"minecraft:mutton":3,"minecraft:white_wool":6,"minecraft:tripwire_hook":12,"minecraft:salmon":1,"minecraft:leather":15,"minecraft:birch_planks":13,"minecraft:oak_log":71,"minecraft:lily_pad":2,"minecraft:gunpowder":14,"aquaculture:rainbow_trout":5,"minecraft:blue_bed":6,"minecraft:cooked_mutton":14,"minecraft:stone_bricks":7,"aquaculture:brown_shrooma":1,"minecraft:spruce_wood":3,"minecraft:iron_ingot":51,"minecraft:cobweb":9,"minecraft:iron_sword":5,"minecraft:dark_oak_stairs":4,"projectvibrantjourneys:light_brown_bark_mushroom":11,"minecraft:dark_oak_slab":1,"minecraft:pumpkin":4,"minecraft:dandelion":2,"aquaculture:piranha":3,"minecraft:spruce_sapling":1,"minecraft:white_bed":1,"minecraft:spruce_log":7,"minecraft:spider_eye":3,"minecraft:slime_ball":1,"minecraft:iron_helmet":1,"minecraft:gray_wool":1,"minecraft:baked_potato":26,"projectvibrantjourneys:orange_bark_mushroom":2,"minecraft:coal":30,"minecraft:ender_pearl":1}},"DataVersion":3465}