{"stats":{"minecraft:mined":{"minecraft:dark_oak_planks":27,"minecraft:spruce_planks":26,"minecraft:grass_block":16,"minecraft:spawner":5,"minecraft:hay_block":21,"minecraft:barrel":1,"minecraft:fire":1,"projectvibrantjourneys:orange_bark_mushroom":1,"minecraft:pumpkin":2,"treechop:chopped_log":2,"minecraft:stripped_dark_oak_wood":7,"minecraft:gold_block":1,"minecraft:dark_oak_stairs":2,"minecraft:pink_tulip":1,"minecraft:stone":49,"minecraft:green_bed":3,"biomesoplenty:willow_leaves":2,"minecraft:crafting_table":2,"projectvibrantjourneys:twigs":4,"minecraft:melon":25,"immersive_weathering:biomesoplenty/willow_leaf_pile":10,"biomesoplenty:willow_log":6,"projectvibrantjourneys:fallen_leaves":1,"minecraft:iron_door":1,"minecraft:blue_bed":3,"minecraft:birch_planks":12,"minecraft:dark_oak_slab":1,"minecraft:grass":2,"minecraft:coal_ore":14,"projectvibrantjourneys:short_grass":3,"minecraft:gravel":1,"minecraft:dirt":13,"minecraft:cobweb":2,"minecraft:tripwire_hook":7,"minecraft:stone_bricks":1,"minecraft:fern":4},"minecraft:killed":{"minecraft:vindicator":3,"minecraft:spider":1,"minecraft:phantom":1,"minecraft:skeleton":1,"minecraft:zombie_villager":1,"minecraft:pillager":1,"minecraft:zombie":4},"minecraft:killed_by":{"minecraft:player":1,"minecraft:pillager":2,"minecraft:vindicator":8,"minecraft:skeleton":3,"minecraft:zombie":4,"ecologics:coconut_crab":1},"minecraft:crafted":{"minecraft:bow":1,"minecraft:iron_axe":1,"minecraft:dark_oak_planks":36,"minecraft:glistering_melon_slice":8,"minecraft:wheat":162,"minecraft:crafting_table":5,"minecraft:spruce_planks":28,"minecraft:wooden_pickaxe":1,"minecraft:iron_sword":1,"biomesoplenty:willow_planks":8,"minecraft:bread":54,"minecraft:gold_nugget":81,"minecraft:shield":3,"minecraft:stick":16,"minecraft:iron_pickaxe":2,"minecraft:wooden_axe":1,"minecraft:stone_sword":1,"minecraft:gold_ingot":9,"minecraft:torch":36},"minecraft:used":{"minecraft:stone_sword":4,"minecraft:flint_and_steel":1,"minecraft:spruce_planks":33,"minecraft:shield":10,"minecraft:iron_sword":87,"minecraft:iron_chestplate":2,"minecraft:dirt":26,"minecraft:diamond_helmet":1,"minecraft:wooden_axe":38,"minecraft:dark_oak_planks":12,"minecraft:stripped_dark_oak_wood":2,"minecraft:iron_axe":88,"minecraft:barrel":1,"minecraft:stone_bricks":1,"minecraft:bow":4,"immersive_weathering:permafrost":6,"minecraft:hay_block":2,"minecraft:diamond_boots":1,"minecraft:birch_planks":3,"aquaculture:atlantic_herring":1,"minecraft:wooden_pickaxe":18,"biomesoplenty:fir_planks":6,"minecraft:blue_bed":2,"minecraft:salmon":1,"minecraft:crafting_table":6,"aquaculture:carp":2,"minecraft:bread":11,"minecraft:melon_slice":19,"minecraft:iron_pickaxe":61,"minecraft:diamond_sword":1,"minecraft:cobblestone":5,"aquaculture:brown_shrooma":1,"minecraft:cobweb":2},"minecraft:dropped":{"minecraft:bread":27,"minecraft:birch_planks":2,"aquaculture:brown_trout":1,"projectvibrantjourneys:orange_bark_mushroom":1,"minecraft:dirt":15,"minecraft:iron_door":1,"minecraft:diamond_helmet":1,"minecraft:glistering_melon_slice":2,"minecraft:dark_oak_planks":2,"minecraft:tripwire_hook":2,"minecraft:golden_chestplate":1,"minecraft:rotten_flesh":1,"aquaculture:rainbow_trout":1,"minecraft:shield":1,"minecraft:iron_chestplate":3,"minecraft:barrel":1,"minecraft:bow":1},"minecraft:custom":{"minecraft:mob_kills":12,"minecraft:interact_with_crafting_table":19,"minecraft:open_barrel":20,"minecraft:damage_dealt_resisted":147,"minecraft:leave_game":2,"minecraft:time_since_death":24149,"minecraft:climb_one_cm":2499,"minecraft:sprint_one_cm":124867,"minecraft:walk_one_cm":176412,"minecraft:damage_blocked_by_shield":615,"minecraft:drop":20,"minecraft:play_time":60165,"minecraft:deaths":20,"minecraft:sneak_time":3517,"minecraft:walk_under_water_one_cm":5692,"minecraft:jump":869,"minecraft:walk_on_water_one_cm":16723,"minecraft:total_world_time":60165,"minecraft:sleep_in_bed":3,"minecraft:time_since_rest":4746,"minecraft:damage_taken":7754,"minecraft:damage_dealt":2703,"minecraft:swim_one_cm":44318,"minecraft:fly_one_cm":118928,"minecraft:open_chest":18,"minecraft:crouch_one_cm":9185,"minecraft:fall_one_cm":25853,"minecraft:inspect_dispenser":2},"minecraft:picked_up":{"minecraft:wooden_axe":7,"minecraft:crafting_table":5,"minecraft:iron_chestplate":9,"aquaculture:blackfish":5,"minecraft:diamond_sword":1,"minecraft:wooden_pickaxe":7,"minecraft:gold_block":1,"minecraft:enchanted_book":3,"minecraft:shield":4,"minecraft:string":6,"minecraft:iron_axe":2,"minecraft:flint_and_steel":4,"minecraft:pufferfish":2,"biomesoplenty:willow_planks":1,"minecraft:diamond_leggings":1,"minecraft:gold_nugget":31,"biomesoplenty:fir_planks":54,"minecraft:spruce_planks":35,"minecraft:iron_pickaxe":3,"minecraft:melon_slice":204,"minecraft:stick":32,"ecologics:coconut_slice":2,"minecraft:green_bed":4,"immersive_weathering:permafrost":12,"minecraft:golden_chestplate":1,"minecraft:dark_oak_planks":87,"minecraft:stone_sword":1,"minecraft:arrow":14,"minecraft:honey_bottle":2,"minecraft:rotten_flesh":3,"biomesoplenty:willow_sapling":11,"aquaculture:brown_trout":4,"minecraft:diamond_boots":11,"minecraft:hay_block":39,"minecraft:stripped_dark_oak_wood":15,"aquaculture:carp":4,"minecraft:glistering_melon_slice":2,"supplementaries:ash":2,"minecraft:obsidian":2,"minecraft:cod":1,"minecraft:cobblestone":60,"minecraft:iron_door":7,"minecraft:tripwire_hook":12,"minecraft:salmon":1,"projectvibrantjourneys:fallen_leaves":3,"minecraft:birch_planks":13,"biomesoplenty:fir_sapling":1,"aquaculture:rainbow_trout":5,"minecraft:dirt":49,"minecraft:blue_bed":5,"minecraft:bone":10,"minecraft:acacia_planks":3,"minecraft:stone_bricks":2,"aquaculture:brown_shrooma":1,"minecraft:bow":1,"minecraft:iron_ingot":37,"minecraft:cobweb":9,"minecraft:diamond_helmet":5,"minecraft:iron_sword":4,"minecraft:dark_oak_stairs":1,"aquaculture:atlantic_herring":2,"minecraft:dark_oak_slab":1,"minecraft:pumpkin":4,"aquaculture:piranha":3,"minecraft:sand":4,"minecraft:spruce_sapling":1,"minecraft:spruce_log":7,"minecraft:dark_oak_log":8,"minecraft:barrel":3,"biomesoplenty:willow_log":20,"minecraft:diamond":122,"minecraft:emerald":118,"minecraft:bread":2,"minecraft:baked_potato":13,"projectvibrantjourneys:orange_bark_mushroom":1,"minecraft:coal":14}},"DataVersion":3465}