{"stats":{"minecraft:mined":{"minecraft:dark_oak_planks":27,"minecraft:tuff":1,"minecraft:spruce_planks":26,"minecraft:dark_oak_leaves":9,"minecraft:cobblestone_stairs":1,"minecraft:jungle_leaves":3,"minecraft:dark_oak_log":1,"minecraft:spruce_fence":1,"minecraft:grass_block":17,"minecraft:oxeye_daisy":1,"immersive_weathering:azalea_leaf_pile":3,"minecraft:spawner":8,"minecraft:hay_block":22,"minecraft:barrel":1,"minecraft:fire":25,"projectvibrantjourneys:orange_bark_mushroom":1,"projectvibrantjourneys:bark_mushroom":1,"minecraft:pumpkin":2,"treechop:chopped_log":3,"minecraft:stripped_dark_oak_wood":7,"minecraft:gold_block":1,"minecraft:dark_oak_stairs":4,"minecraft:pink_tulip":2,"minecraft:spruce_wood":3,"minecraft:stone":49,"minecraft:spruce_slab":1,"minecraft:green_bed":3,"biomesoplenty:willow_leaves":2,"projectvibrantjourneys:cattail":1,"minecraft:dandelion":2,"minecraft:oak_fence":1,"minecraft:crafting_table":4,"projectvibrantjourneys:twigs":4,"minecraft:melon":43,"minecraft:rose_bush":1,"minecraft:tall_grass":26,"minecraft:cobblestone":4,"immersive_weathering:biomesoplenty/willow_leaf_pile":10,"minecraft:lily_pad":1,"biomesoplenty:willow_log":6,"projectvibrantjourneys:fallen_leaves":1,"minecraft:iron_door":1,"minecraft:blue_bed":3,"minecraft:spruce_stairs":1,"projectvibrantjourneys:light_brown_bark_mushroom":1,"minecraft:birch_planks":12,"minecraft:dark_oak_slab":1,"minecraft:spruce_log":1,"minecraft:birch_leaves":1,"minecraft:stone_brick_stairs":1,"minecraft:grass":54,"minecraft:coal_ore":14,"projectvibrantjourneys:short_grass":18,"minecraft:gravel":1,"minecraft:dirt":13,"minecraft:cobweb":2,"minecraft:tripwire_hook":7,"minecraft:dispenser":1,"minecraft:stone_bricks":6,"minecraft:oak_leaves":2,"minecraft:fern":46},"minecraft:killed":{"minecraft:vindicator":3,"minecraft:spider":4,"minecraft:phantom":1,"naturalist:snail":1,"minecraft:skeleton":8,"minecraft:zombie_villager":1,"minecraft:sheep":5,"minecraft:pillager":1,"minecraft:zombie":6,"minecraft:cow":5},"minecraft:killed_by":{"minecraft:husk":1,"minecraft:player":1,"minecraft:creeper":1,"minecraft:pillager":2,"minecraft:vindicator":8,"minecraft:skeleton":3,"minecraft:zombie":4,"ecologics:coconut_crab":1},"minecraft:crafted":{"minecraft:diamond_helmet":1,"minecraft:bow":2,"minecraft:iron_axe":1,"minecraft:chest":1,"minecraft:dark_oak_planks":36,"minecraft:glistering_melon_slice":8,"minecraft:wheat":162,"minecraft:diamond_sword":1,"minecraft:crafting_table":6,"minecraft:spruce_planks":28,"minecraft:wooden_pickaxe":1,"minecraft:iron_sword":1,"biomesoplenty:willow_planks":8,"minecraft:bread":54,"minecraft:gold_nugget":81,"minecraft:shield":4,"minecraft:stick":16,"minecraft:iron_pickaxe":2,"minecraft:wooden_axe":1,"minecraft:stone_sword":1,"minecraft:gold_ingot":9,"minecraft:torch":36,"hangglider:glider_framework":1},"minecraft:used":{"minecraft:stone_sword":4,"minecraft:flint_and_steel":27,"minecraft:chest":1,"minecraft:spruce_planks":33,"minecraft:shield":11,"minecraft:iron_sword":209,"minecraft:iron_chestplate":2,"minecraft:torch":5,"minecraft:dirt":27,"minecraft:diamond_helmet":1,"minecraft:wooden_axe":38,"minecraft:dark_oak_planks":12,"minecraft:stripped_dark_oak_wood":2,"minecraft:iron_axe":191,"minecraft:barrel":1,"minecraft:stone_bricks":1,"minecraft:bow":14,"immersive_weathering:permafrost":6,"minecraft:hay_block":2,"minecraft:cooked_beef":6,"minecraft:diamond_boots":1,"minecraft:birch_planks":3,"aquaculture:atlantic_herring":1,"minecraft:wooden_pickaxe":18,"biomesoplenty:fir_planks":14,"minecraft:blue_bed":3,"minecraft:salmon":1,"minecraft:crafting_table":9,"aquaculture:carp":2,"minecraft:bread":17,"minecraft:melon_slice":49,"minecraft:iron_pickaxe":80,"minecraft:diamond_sword":20,"minecraft:cobblestone":14,"aquaculture:brown_shrooma":1,"minecraft:cobweb":2},"minecraft:dropped":{"minecraft:bread":27,"minecraft:dark_oak_stairs":2,"minecraft:birch_planks":2,"minecraft:wheat_seeds":52,"minecraft:baked_potato":13,"minecraft:mossy_cobblestone":1,"aquaculture:brown_trout":1,"minecraft:cobblestone":34,"minecraft:spruce_stairs":1,"projectvibrantjourneys:orange_bark_mushroom":1,"minecraft:dirt":17,"minecraft:stone_button":2,"minecraft:dispenser":1,"minecraft:melon_slice":30,"minecraft:iron_door":1,"minecraft:diamond_helmet":1,"minecraft:glistering_melon_slice":8,"minecraft:lily_pad":1,"minecraft:dark_oak_planks":2,"minecraft:tripwire_hook":2,"minecraft:white_wool":2,"projectvibrantjourneys:bark_mushroom":1,"minecraft:dandelion":2,"minecraft:white_tulip":6,"hangglider:glider_framework":1,"minecraft:golden_chestplate":1,"minecraft:tuff":1,"minecraft:rotten_flesh":2,"minecraft:cooked_mutton":5,"minecraft:spruce_fence":2,"aquaculture:rainbow_trout":1,"supplementaries:ash":1,"projectvibrantjourneys:light_brown_bark_mushroom":1,"minecraft:shield":1,"minecraft:iron_chestplate":3,"minecraft:stone_bricks":1,"minecraft:spider_eye":2,"minecraft:barrel":1,"minecraft:bow":1,"minecraft:stone_brick_stairs":1},"minecraft:custom":{"minecraft:mob_kills":40,"minecraft:interact_with_crafting_table":24,"minecraft:open_barrel":25,"minecraft:damage_dealt_resisted":147,"minecraft:leave_game":2,"minecraft:time_since_death":10235,"minecraft:climb_one_cm":3579,"minecraft:sprint_one_cm":304722,"minecraft:walk_one_cm":317057,"minecraft:damage_blocked_by_shield":645,"minecraft:drop":57,"minecraft:talked_to_villager":1,"minecraft:play_time":108165,"minecraft:deaths":22,"minecraft:sneak_time":6324,"minecraft:walk_under_water_one_cm":7227,"minecraft:jump":2027,"minecraft:walk_on_water_one_cm":26566,"minecraft:total_world_time":108165,"minecraft:sleep_in_bed":4,"minecraft:time_since_rest":10264,"minecraft:damage_taken":9352,"minecraft:damage_dealt":4968,"minecraft:swim_one_cm":61693,"minecraft:fly_one_cm":358814,"minecraft:open_chest":35,"minecraft:crouch_one_cm":19298,"minecraft:fall_one_cm":63465,"minecraft:inspect_dispenser":2,"minecraft:horse_one_cm":5672},"minecraft:picked_up":{"minecraft:wooden_axe":7,"minecraft:crafting_table":8,"minecraft:iron_chestplate":11,"aquaculture:blackfish":5,"minecraft:diamond_sword":2,"minecraft:wooden_pickaxe":7,"minecraft:gold_block":1,"minecraft:enchanted_book":5,"minecraft:stone_brick_stairs":1,"minecraft:shield":5,"minecraft:string":9,"minecraft:iron_axe":4,"minecraft:flint_and_steel":6,"minecraft:pufferfish":2,"biomesoplenty:willow_planks":1,"minecraft:diamond_leggings":3,"minecraft:gold_nugget":31,"biomesoplenty:fir_planks":134,"minecraft:spruce_planks":35,"minecraft:white_tulip":6,"minecraft:rose_bush":1,"minecraft:azalea":3,"minecraft:light_gray_wool":2,"minecraft:iron_pickaxe":5,"minecraft:melon_slice":358,"minecraft:tipped_arrow":22,"minecraft:stick":35,"ecologics:coconut_slice":2,"projectvibrantjourneys:bark_mushroom":1,"minecraft:torch":65,"minecraft:green_bed":4,"minecraft:spruce_stairs":2,"minecraft:spruce_fence":3,"minecraft:stone_button":4,"immersive_weathering:permafrost":12,"minecraft:golden_chestplate":2,"minecraft:dark_oak_planks":123,"minecraft:stone_sword":1,"minecraft:arrow":34,"minecraft:honey_bottle":2,"minecraft:rotten_flesh":7,"biomesoplenty:willow_sapling":11,"aquaculture:brown_trout":4,"minecraft:diamond_boots":13,"minecraft:hay_block":39,"minecraft:stripped_dark_oak_wood":15,"minecraft:gold_ingot":10,"aquaculture:carp":4,"minecraft:saddle":2,"minecraft:glistering_melon_slice":8,"supplementaries:ash":3,"minecraft:mutton":2,"minecraft:white_wool":3,"minecraft:obsidian":6,"minecraft:cod":1,"minecraft:cobblestone":173,"minecraft:cooked_beef":15,"minecraft:andesite":1,"minecraft:iron_door":7,"minecraft:tripwire_hook":12,"minecraft:salmon":1,"projectvibrantjourneys:fallen_leaves":3,"minecraft:birch_planks":13,"biomesoplenty:fir_sapling":1,"minecraft:tuff":1,"minecraft:oak_log":13,"minecraft:lily_pad":1,"aquaculture:rainbow_trout":5,"minecraft:dirt":52,"minecraft:blue_bed":6,"minecraft:cooked_mutton":6,"minecraft:bone":19,"minecraft:acacia_planks":3,"minecraft:stone_bricks":7,"aquaculture:brown_shrooma":1,"minecraft:bow":5,"minecraft:wheat_seeds":61,"minecraft:spruce_wood":3,"minecraft:iron_ingot":47,"minecraft:cobweb":9,"minecraft:diamond_helmet":6,"minecraft:iron_sword":5,"minecraft:dark_oak_stairs":4,"aquaculture:atlantic_herring":2,"projectvibrantjourneys:light_brown_bark_mushroom":2,"minecraft:dark_oak_slab":1,"minecraft:pumpkin":4,"minecraft:dandelion":2,"aquaculture:piranha":3,"minecraft:sand":4,"minecraft:spruce_sapling":1,"minecraft:spruce_log":7,"minecraft:dark_oak_log":8,"minecraft:spider_eye":3,"minecraft:barrel":3,"minecraft:mossy_cobblestone":1,"minecraft:dispenser":2,"biomesoplenty:willow_log":20,"minecraft:diamond":174,"minecraft:golden_apple":5,"minecraft:emerald":212,"minecraft:bread":36,"minecraft:baked_potato":26,"projectvibrantjourneys:orange_bark_mushroom":1,"minecraft:coal":24}},"DataVersion":3465}