{"stats":{"minecraft:crafted":{"minecraft:oak_planks":100,"minecraft:stone_shovel":1,"minecraft:furnace":4,"minecraft:stone_button":8,"minecraft:stone":24,"minecraft:heavy_weighted_pressure_plate":1,"minecraft:iron_hoe":1,"minecraft:stone_pickaxe":2,"minecraft:chest":5,"minecraft:wheat":63,"minecraft:cooked_beef":5,"biomesoplenty:fir_boat":2,"minecraft:cooked_porkchop":6,"minecraft:crafting_table":10,"minecraft:spruce_planks":20,"minecraft:wooden_pickaxe":1,"minecraft:bucket":1,"minecraft:stone_axe":1,"minecraft:bread":35,"biomesoplenty:fir_planks":40,"minecraft:oak_boat":1,"minecraft:iron_chestplate":1,"minecraft:stick":60,"minecraft:iron_ingot":64,"minecraft:iron_pickaxe":3,"minecraft:wooden_axe":1,"minecraft:stone_sword":1,"minecraft:iron_shovel":2,"minecraft:torch":172},"minecraft:picked_up":{"minecraft:fishing_rod":1,"minecraft:crafting_table":3,"minecraft:iron_chestplate":2,"minecraft:wheat":45,"minecraft:stone_slab":3,"minecraft:gold_block":2,"minecraft:stone_brick_stairs":1,"minecraft:raw_copper":14,"minecraft:iron_leggings":1,"minecraft:iron_shovel":4,"minecraft:bucket":1,"minecraft:spruce_planks":3,"minecraft:beef":21,"minecraft:oak_boat":1,"minecraft:azalea":1,"projectvibrantjourneys:sandy_sprouts":1,"minecraft:poppy":2,"minecraft:iron_pickaxe":3,"minecraft:melon_slice":4,"minecraft:iron_boots":1,"minecraft:furnace":4,"minecraft:stick":174,"minecraft:raw_iron":120,"minecraft:sandstone":205,"ecologics:coconut_slice":4,"minecraft:torch":309,"minecraft:porkchop":6,"tombstone:grave_dust":1,"minecraft:carrot":1,"immersive_weathering:permafrost":3,"minecraft:stone_sword":4,"minecraft:arrow":3,"minecraft:stone_shovel":2,"minecraft:rotten_flesh":15,"minecraft:cooked_cod":6,"biomesoplenty:cattail":1,"minecraft:hay_block":7,"minecraft:cyan_terracotta":2,"immersive_weathering:grassy_sandy_dirt":1,"projectvibrantjourneys:cattail":24,"minecraft:mutton":2,"minecraft:white_wool":4,"minecraft:cobblestone":571,"minecraft:birch_log":10,"minecraft:lilac":1,"minecraft:cooked_beef":4,"projectvibrantjourneys:fallen_leaves":5,"minecraft:leather":9,"immersive_weathering:enchanted_golden_moss_clump":1,"immersive_weathering:sandy_dirt":10,"biomesoplenty:fir_sapling":9,"minecraft:filled_map":2,"biomesoplenty:fir_log":40,"minecraft:oak_log":95,"minecraft:lily_pad":5,"minecraft:gunpowder":1,"minecraft:dirt":422,"minecraft:paper":1,"biomesoplenty:glowing_moss_carpet":1,"minecraft:coast_armor_trim_smithing_template":4,"minecraft:bone":11,"minecraft:apple":4,"minecraft:wheat_seeds":175,"projectvibrantjourneys:small_cactus":1,"wardrobe:goat_fur":6,"minecraft:iron_ingot":102,"minecraft:stone_pickaxe":3,"minecraft:glass_bottle":2,"minecraft:iron_sword":1,"immersive_weathering:tallow":32,"minecraft:book":2,"projectvibrantjourneys:light_brown_bark_mushroom":1,"minecraft:cooked_porkchop":1,"minecraft:sweet_berries":26,"minecraft:dandelion":3,"minecraft:gravel":2,"minecraft:jungle_planks":3,"minecraft:sand":38,"ecologics:coconut_husk":2,"minecraft:spruce_sapling":10,"minecraft:mossy_cobblestone":1,"minecraft:bundle":1,"minecraft:spruce_log":31,"naturalist:duck_egg":4,"biomesoplenty:glowing_moss_block":1,"minecraft:spider_eye":2,"minecraft:iron_hoe":1,"minecraft:light_gray_terracotta":1,"minecraft:purple_bed":4,"minecraft:stone_axe":4,"minecraft:iron_helmet":1,"minecraft:emerald":2,"projectvibrantjourneys:orange_bark_mushroom":2,"minecraft:oak_sapling":12,"projectvibrantjourneys:twigs":1,"minecraft:netherrack":1,"minecraft:coal":143,"minecraft:crimson_roots":3},"minecraft:killed_by":{"minecraft:creeper":1,"minecraft:drowned":1,"minecraft:skeleton":2,"minecraft:phantom":1,"minecraft:zombie":1},"minecraft:dropped":{"minecraft:bread":2,"minecraft:iron_ingot":32,"minecraft:wheat_seeds":1,"immersive_weathering:grassy_sandy_dirt":1,"minecraft:cooked_porkchop":1,"projectvibrantjourneys:orange_bark_mushroom":1,"biomesoplenty:fir_sapling":2,"minecraft:crimson_roots":3,"minecraft:cooked_cod":4,"minecraft:iron_pickaxe":1,"minecraft:lily_pad":2,"minecraft:white_wool":1,"minecraft:dandelion":3,"minecraft:rotten_flesh":1,"minecraft:azalea":1,"ecologics:coconut_husk":2,"minecraft:spider_eye":2,"immersive_weathering:tallow":4,"projectvibrantjourneys:cattail":20},"minecraft:broken":{"minecraft:stone_sword":1,"minecraft:stone_pickaxe":1,"minecraft:iron_pickaxe":1},"minecraft:custom":{"minecraft:mob_kills":32,"minecraft:interact_with_crafting_table":60,"minecraft:open_barrel":8,"minecraft:leave_game":4,"minecraft:time_since_death":76886,"minecraft:climb_one_cm":6229,"minecraft:sprint_one_cm":338662,"minecraft:walk_one_cm":610482,"minecraft:drop":27,"minecraft:talked_to_villager":4,"minecraft:play_time":287603,"minecraft:deaths":7,"minecraft:sneak_time":3968,"minecraft:walk_under_water_one_cm":30446,"minecraft:boat_one_cm":20,"minecraft:jump":3938,"minecraft:walk_on_water_one_cm":78378,"minecraft:total_world_time":287603,"minecraft:interact_with_furnace":34,"tombstone:raider_killed":1,"minecraft:sleep_in_bed":6,"minecraft:time_since_rest":43671,"minecraft:damage_taken":5097,"minecraft:damage_dealt":5024,"minecraft:player_kills":1,"minecraft:swim_one_cm":59078,"minecraft:fly_one_cm":601475,"minecraft:open_chest":70,"minecraft:crouch_one_cm":11645,"tombstone:undead_killed":3,"minecraft:fall_one_cm":96275,"minecraft:horse_one_cm":2495},"minecraft:used":{"minecraft:trident":4,"minecraft:stone_sword":139,"minecraft:iron_shovel":301,"minecraft:stone_shovel":12,"biomesoplenty:glowing_moss_block":1,"minecraft:chest":5,"minecraft:iron_sword":15,"minecraft:cooked_salmon":2,"minecraft:torch":97,"minecraft:dirt":240,"minecraft:carrot":1,"minecraft:wooden_axe":12,"minecraft:iron_hoe":319,"immersive_weathering:enchanted_golden_moss_clump":1,"minecraft:sweet_berries":13,"minecraft:furnace":6,"minecraft:cooked_cod":2,"minecraft:cooked_beef":3,"minecraft:wheat_seeds":158,"minecraft:water_bucket":21,"minecraft:oak_planks":24,"minecraft:stone_pickaxe":148,"minecraft:wooden_pickaxe":11,"minecraft:sandstone":64,"biomesoplenty:fir_boat":2,"immersive_weathering:sandy_dirt":5,"naturalist:duck_egg":3,"minecraft:white_wool":1,"minecraft:sand":1,"minecraft:crafting_table":12,"minecraft:apple":1,"minecraft:bread":49,"minecraft:iron_pickaxe":480,"minecraft:melon_slice":4,"minecraft:gravel":2,"biomesoplenty:glowing_moss_carpet":1,"minecraft:stone_axe":24,"ecologics:coconut_slice":4,"minecraft:fishing_rod":3,"minecraft:cobblestone":133,"minecraft:purple_bed":2,"minecraft:cooked_porkchop":5,"projectvibrantjourneys:small_cactus":1,"minecraft:bucket":21,"minecraft:oak_boat":1},"minecraft:killed":{"minecraft:witch":1,"naturalist:tortoise":1,"minecraft:skeleton":5,"minecraft:pig":4,"minecraft:sheep":1,"minecraft:goat":2,"minecraft:zombie":15,"minecraft:cow":3},"minecraft:mined":{"biomesoplenty:glowing_moss_block":2,"minecraft:spruce_planks":1,"biomesoplenty:watergrass":91,"minecraft:farmland":1,"minecraft:mossy_stone_brick_slab":1,"immersive_weathering:grassy_permafrost":2,"farmersdelight:wild_carrots":1,"biomesoplenty:desert_grass":4,"projectvibrantjourneys:rocks":1,"minecraft:grass_block":157,"minecraft:jungle_planks":1,"minecraft:crimson_roots":1,"minecraft:spruce_leaves":4,"biomesoplenty:cattail":1,"minecraft:sandstone":78,"biomesoplenty:dune_grass":1,"minecraft:spawner":1,"minecraft:hay_block":7,"minecraft:tall_seagrass":4,"immersive_weathering:biomesoplenty/fir_leaf_pile":1,"minecraft:furnace":2,"minecraft:iron_ore":98,"projectvibrantjourneys:orange_bark_mushroom":1,"treechop:chopped_log":6,"minecraft:gold_block":2,"immersive_weathering:grassy_sandy_dirt":2,"minecraft:stone":317,"bushierflowers:grown_poppy":1,"minecraft:white_wool":1,"biomesoplenty:willow_leaves":2,"projectvibrantjourneys:cattail":20,"minecraft:cyan_terracotta":2,"projectvibrantjourneys:sea_oats":2,"biomesoplenty:glowworm_silk":3,"minecraft:kelp_plant":2,"minecraft:crimson_nylium":2,"immersive_weathering:spruce_leaf_pile":2,"minecraft:stone_brick_slab":1,"minecraft:crafting_table":3,"minecraft:torch":3,"minecraft:light_gray_terracotta":1,"projectvibrantjourneys:small_cactus":1,"projectvibrantjourneys:twigs":1,"minecraft:emerald_ore":2,"immersive_weathering:sandy_dirt":3,"minecraft:melon":1,"minecraft:stone_slab":1,"minecraft:cobblestone":13,"minecraft:tall_grass":45,"minecraft:copper_ore":4,"biomesoplenty:huge_clover_petal":2,"minecraft:lily_pad":2,"projectvibrantjourneys:fallen_leaves":2,"minecraft:wall_torch":4,"minecraft:seagrass":2,"minecraft:purple_bed":1,"minecraft:wheat":49,"minecraft:sweet_berry_bush":1,"minecraft:stone_brick_stairs":1,"minecraft:grass":225,"projectvibrantjourneys:sandy_sprouts":1,"minecraft:coal_ore":87,"projectvibrantjourneys:short_grass":52,"minecraft:gravel":2,"minecraft:sand":35,"minecraft:dirt":75,"minecraft:oak_leaves":2,"minecraft:fern":7,"biomesoplenty:reed":1}},"DataVersion":3465}