{"stats":{"minecraft:crafted":{"minecraft:oak_planks":100,"minecraft:stone_shovel":1,"minecraft:birch_boat":1,"minecraft:furnace":4,"minecraft:stone_button":8,"minecraft:stone":24,"minecraft:heavy_weighted_pressure_plate":1,"tombstone:grave_key":1,"minecraft:iron_hoe":1,"minecraft:stone_pickaxe":2,"minecraft:chest":5,"minecraft:wheat":63,"minecraft:cooked_beef":5,"biomesoplenty:fir_boat":2,"minecraft:cooked_porkchop":6,"minecraft:crafting_table":12,"minecraft:spruce_planks":20,"minecraft:wooden_pickaxe":1,"minecraft:birch_planks":20,"minecraft:bucket":2,"minecraft:stone_axe":1,"minecraft:bread":35,"biomesoplenty:fir_planks":40,"minecraft:oak_boat":1,"minecraft:iron_chestplate":1,"minecraft:stick":60,"minecraft:iron_ingot":64,"minecraft:iron_pickaxe":4,"minecraft:wooden_axe":1,"minecraft:stone_sword":1,"minecraft:iron_shovel":2,"minecraft:torch":232},"minecraft:picked_up":{"minecraft:mud":1,"minecraft:fishing_rod":1,"minecraft:iron_chestplate":2,"minecraft:crafting_table":3,"minecraft:wheat":45,"minecraft:stone_slab":3,"minecraft:gold_block":2,"minecraft:stone_brick_stairs":1,"minecraft:raw_copper":14,"minecraft:iron_leggings":1,"minecraft:iron_shovel":4,"bosses_of_mass_destruction:soul_star":1,"minecraft:bucket":1,"minecraft:spruce_planks":3,"minecraft:beef":21,"minecraft:azalea":1,"minecraft:poppy":2,"minecraft:oak_boat":1,"projectvibrantjourneys:sandy_sprouts":1,"minecraft:iron_pickaxe":3,"minecraft:melon_slice":4,"minecraft:furnace":4,"minecraft:iron_boots":1,"minecraft:stick":174,"minecraft:raw_iron":135,"minecraft:sandstone":205,"ecologics:coconut_slice":4,"minecraft:torch":336,"minecraft:porkchop":6,"tombstone:grave_dust":1,"minecraft:carrot":1,"immersive_weathering:permafrost":3,"minecraft:stone_sword":4,"minecraft:arrow":7,"minecraft:stone_shovel":2,"minecraft:rotten_flesh":29,"minecraft:cooked_cod":6,"biomesoplenty:cattail":1,"minecraft:hay_block":7,"minecraft:cyan_terracotta":2,"immersive_weathering:grassy_sandy_dirt":1,"projectvibrantjourneys:cattail":24,"minecraft:mutton":5,"minecraft:cobblestone":835,"minecraft:white_wool":4,"minecraft:birch_log":10,"minecraft:feather":1,"minecraft:lilac":1,"minecraft:cooked_beef":4,"minecraft:golden_leggings":1,"projectvibrantjourneys:fallen_leaves":7,"immersive_weathering:enchanted_golden_moss_clump":1,"minecraft:leather":15,"immersive_weathering:sandy_dirt":10,"biomesoplenty:fir_log":40,"biomesoplenty:fir_sapling":9,"minecraft:filled_map":2,"minecraft:flint":4,"minecraft:oak_log":95,"minecraft:lily_pad":5,"minecraft:gunpowder":1,"minecraft:dirt":438,"minecraft:paper":1,"tombstone:gift":1,"biomesoplenty:glowing_moss_carpet":1,"minecraft:coast_armor_trim_smithing_template":4,"minecraft:bone":11,"minecraft:apple":4,"minecraft:wheat_seeds":175,"projectvibrantjourneys:small_cactus":1,"minecraft:stone_pickaxe":3,"wardrobe:goat_fur":6,"minecraft:iron_ingot":103,"minecraft:glass_bottle":2,"minecraft:iron_sword":1,"immersive_weathering:tallow":32,"minecraft:book":2,"biomesoplenty:magic_sapling":2,"projectvibrantjourneys:light_brown_bark_mushroom":1,"minecraft:cooked_porkchop":1,"minecraft:sweet_berries":26,"minecraft:dandelion":3,"minecraft:gravel":33,"minecraft:sand":38,"minecraft:jungle_planks":3,"ecologics:coconut_husk":2,"minecraft:spruce_sapling":10,"minecraft:spruce_log":31,"biomesoplenty:glowing_moss_block":1,"naturalist:duck_egg":4,"minecraft:spider_eye":3,"minecraft:mossy_cobblestone":5,"minecraft:bundle":2,"minecraft:iron_hoe":1,"minecraft:light_gray_terracotta":1,"minecraft:purple_bed":4,"minecraft:stone_axe":4,"minecraft:iron_helmet":1,"minecraft:emerald":3,"minecraft:netherrack":1,"projectvibrantjourneys:orange_bark_mushroom":2,"minecraft:oak_sapling":12,"projectvibrantjourneys:twigs":1,"minecraft:coal":172,"minecraft:crimson_roots":3,"minecraft:ender_pearl":1},"minecraft:killed_by":{"minecraft:creeper":1,"minecraft:drowned":1,"minecraft:skeleton":2,"minecraft:phantom":1,"minecraft:zombie":2},"minecraft:dropped":{"minecraft:bread":8,"minecraft:iron_ingot":32,"minecraft:wheat_seeds":1,"minecraft:mossy_cobblestone":4,"immersive_weathering:grassy_sandy_dirt":1,"minecraft:cooked_porkchop":1,"biomesoplenty:magic_sapling":2,"minecraft:feather":1,"projectvibrantjourneys:orange_bark_mushroom":1,"biomesoplenty:fir_sapling":2,"projectvibrantjourneys:fallen_leaves":1,"minecraft:crimson_roots":3,"minecraft:cooked_cod":4,"minecraft:iron_pickaxe":1,"minecraft:lily_pad":2,"minecraft:white_wool":1,"minecraft:dandelion":3,"minecraft:wheat":1,"tombstone:gift":1,"minecraft:rotten_flesh":15,"minecraft:azalea":1,"ecologics:coconut_husk":2,"minecraft:spider_eye":3,"immersive_weathering:tallow":4,"minecraft:arrow":5,"projectvibrantjourneys:cattail":20},"minecraft:broken":{"minecraft:stone_sword":1,"minecraft:stone_pickaxe":1,"minecraft:iron_pickaxe":3},"minecraft:custom":{"minecraft:mob_kills":54,"minecraft:interact_with_crafting_table":64,"minecraft:open_barrel":9,"minecraft:leave_game":5,"minecraft:time_since_death":24577,"minecraft:climb_one_cm":6229,"minecraft:sprint_one_cm":468616,"minecraft:walk_one_cm":814383,"minecraft:drop":44,"minecraft:talked_to_villager":4,"minecraft:play_time":395602,"minecraft:deaths":10,"minecraft:sneak_time":12289,"minecraft:walk_under_water_one_cm":62124,"minecraft:boat_one_cm":20,"minecraft:jump":5775,"minecraft:walk_on_water_one_cm":120074,"minecraft:total_world_time":395602,"minecraft:interact_with_furnace":35,"tombstone:raider_killed":1,"minecraft:sleep_in_bed":6,"minecraft:time_since_rest":24220,"minecraft:damage_taken":8223,"minecraft:damage_dealt":8298,"minecraft:fly_one_cm":952019,"minecraft:swim_one_cm":104214,"minecraft:player_kills":1,"minecraft:open_chest":71,"minecraft:crouch_one_cm":42126,"tombstone:undead_killed":8,"minecraft:fall_one_cm":175640,"minecraft:horse_one_cm":2495},"minecraft:used":{"minecraft:trident":4,"minecraft:stone_sword":139,"minecraft:iron_shovel":341,"minecraft:stone_shovel":12,"biomesoplenty:glowing_moss_block":1,"minecraft:chest":5,"minecraft:iron_sword":119,"minecraft:cooked_salmon":2,"minecraft:torch":236,"minecraft:dirt":247,"minecraft:carrot":1,"minecraft:wooden_axe":12,"minecraft:iron_hoe":319,"immersive_weathering:enchanted_golden_moss_clump":1,"minecraft:sweet_berries":13,"minecraft:furnace":6,"minecraft:cooked_cod":2,"tombstone:gift":2,"minecraft:cooked_beef":3,"minecraft:wheat_seeds":158,"minecraft:water_bucket":21,"minecraft:oak_planks":24,"minecraft:stone_pickaxe":148,"minecraft:birch_boat":1,"minecraft:wooden_pickaxe":11,"minecraft:sandstone":64,"biomesoplenty:fir_boat":2,"immersive_weathering:sandy_dirt":5,"naturalist:duck_egg":3,"minecraft:white_wool":1,"minecraft:sand":1,"minecraft:crafting_table":14,"minecraft:apple":2,"minecraft:bread":97,"minecraft:iron_pickaxe":808,"minecraft:melon_slice":4,"tombstone:grave_key":2,"biomesoplenty:glowing_moss_carpet":1,"minecraft:gravel":2,"minecraft:stone_axe":25,"ecologics:coconut_slice":4,"minecraft:fishing_rod":3,"minecraft:cobblestone":408,"minecraft:purple_bed":2,"minecraft:cooked_porkchop":5,"projectvibrantjourneys:small_cactus":1,"minecraft:bucket":21,"minecraft:oak_boat":1},"minecraft:killed":{"minecraft:witch":1,"minecraft:spider":3,"naturalist:tortoise":2,"minecraft:skeleton":6,"minecraft:parrot":1,"minecraft:pig":4,"minecraft:sheep":3,"minecraft:goat":2,"minecraft:zombie":19,"minecraft:enderman":2,"minecraft:cow":10},"minecraft:mined":{"biomesoplenty:glowing_moss_block":2,"minecraft:spruce_planks":1,"biomesoplenty:watergrass":91,"minecraft:farmland":1,"minecraft:mossy_stone_brick_slab":1,"immersive_weathering:grassy_permafrost":2,"farmersdelight:wild_carrots":1,"biomesoplenty:desert_grass":4,"projectvibrantjourneys:rocks":1,"minecraft:grass_block":160,"minecraft:jungle_planks":1,"minecraft:crimson_roots":1,"minecraft:spruce_leaves":7,"biomesoplenty:cattail":1,"minecraft:sandstone":78,"biomesoplenty:dune_grass":1,"minecraft:spawner":1,"minecraft:hay_block":7,"minecraft:tall_seagrass":4,"immersive_weathering:biomesoplenty/fir_leaf_pile":1,"minecraft:furnace":2,"immersive_weathering:mossy_stone":5,"minecraft:iron_ore":113,"projectvibrantjourneys:orange_bark_mushroom":1,"treechop:chopped_log":6,"minecraft:gold_block":2,"minecraft:sculk_shrieker":1,"biomesoplenty:glowshroom_block":2,"immersive_weathering:grassy_sandy_dirt":2,"minecraft:stone":565,"bushierflowers:grown_poppy":1,"minecraft:white_wool":1,"biomesoplenty:willow_leaves":2,"projectvibrantjourneys:cattail":20,"minecraft:cyan_terracotta":2,"projectvibrantjourneys:sea_oats":2,"immersive_weathering:spruce_leaf_pile":2,"minecraft:kelp_plant":2,"biomesoplenty:glowworm_silk":3,"minecraft:crimson_nylium":2,"minecraft:stone_brick_slab":1,"minecraft:crafting_table":3,"minecraft:torch":5,"minecraft:light_gray_terracotta":1,"projectvibrantjourneys:small_cactus":1,"projectvibrantjourneys:twigs":1,"minecraft:emerald_ore":4,"immersive_weathering:sandy_dirt":3,"minecraft:melon":1,"minecraft:sculk_sensor":1,"minecraft:stone_slab":1,"minecraft:tall_grass":48,"minecraft:copper_ore":4,"minecraft:cobblestone":31,"biomesoplenty:sprout":2,"biomesoplenty:huge_clover_petal":2,"minecraft:lily_pad":2,"projectvibrantjourneys:fallen_leaves":2,"minecraft:sculk":8,"minecraft:wall_torch":9,"supplementaries:urn":2,"minecraft:seagrass":2,"minecraft:purple_bed":1,"farmersdelight:sandy_shrub":1,"biomesoplenty:magic_leaves":5,"minecraft:wheat":49,"minecraft:sweet_berry_bush":1,"minecraft:stone_brick_stairs":1,"minecraft:grass":228,"projectvibrantjourneys:sandy_sprouts":1,"minecraft:coal_ore":116,"projectvibrantjourneys:short_grass":54,"minecraft:gravel":37,"minecraft:sand":35,"minecraft:dirt":87,"minecraft:oak_leaves":3,"minecraft:fern":7,"biomesoplenty:reed":1}},"DataVersion":3465}