{"stats":{"minecraft:custom":{"minecraft:mob_kills":25,"minecraft:interact_with_crafting_table":32,"minecraft:open_barrel":8,"minecraft:leave_game":2,"minecraft:time_since_death":35407,"minecraft:climb_one_cm":6063,"minecraft:sprint_one_cm":182721,"minecraft:walk_one_cm":297618,"minecraft:drop":17,"minecraft:play_time":136770,"minecraft:deaths":6,"minecraft:sneak_time":2221,"minecraft:walk_under_water_one_cm":11940,"minecraft:jump":2110,"minecraft:walk_on_water_one_cm":18999,"minecraft:total_world_time":136770,"minecraft:interact_with_furnace":25,"minecraft:sleep_in_bed":5,"minecraft:time_since_rest":20725,"minecraft:damage_taken":2686,"minecraft:damage_dealt":3586,"minecraft:swim_one_cm":7447,"minecraft:fly_one_cm":320069,"minecraft:player_kills":1,"minecraft:open_chest":15,"minecraft:crouch_one_cm":5282,"minecraft:fall_one_cm":50173,"minecraft:horse_one_cm":2495},"minecraft:dropped":{"minecraft:iron_ingot":32,"minecraft:wheat_seeds":1,"immersive_weathering:grassy_sandy_dirt":1,"minecraft:cooked_porkchop":1,"projectvibrantjourneys:orange_bark_mushroom":1,"biomesoplenty:fir_sapling":2,"minecraft:cooked_cod":4,"minecraft:lily_pad":2,"minecraft:rotten_flesh":1,"ecologics:coconut_husk":2,"immersive_weathering:tallow":4},"minecraft:killed":{"minecraft:skeleton":2,"minecraft:pig":4,"minecraft:sheep":1,"minecraft:goat":2,"minecraft:zombie":13,"minecraft:cow":3},"minecraft:used":{"minecraft:trident":4,"minecraft:stone_sword":101,"minecraft:iron_shovel":43,"minecraft:stone_shovel":12,"minecraft:chest":2,"minecraft:cooked_salmon":2,"minecraft:torch":31,"minecraft:dirt":58,"minecraft:wooden_axe":12,"immersive_weathering:enchanted_golden_moss_clump":1,"minecraft:sweet_berries":13,"minecraft:furnace":5,"minecraft:cooked_cod":2,"minecraft:cooked_beef":3,"minecraft:wheat_seeds":2,"minecraft:stone_pickaxe":148,"minecraft:wooden_pickaxe":11,"biomesoplenty:fir_boat":2,"immersive_weathering:sandy_dirt":5,"minecraft:white_wool":1,"minecraft:crafting_table":8,"minecraft:apple":1,"minecraft:iron_pickaxe":241,"minecraft:gravel":2,"minecraft:stone_axe":24,"ecologics:coconut_slice":4,"minecraft:fishing_rod":3,"minecraft:cobblestone":69,"minecraft:purple_bed":2,"minecraft:cooked_porkchop":5},"minecraft:mined":{"biomesoplenty:watergrass":16,"minecraft:spruce_planks":1,"immersive_weathering:grassy_permafrost":2,"projectvibrantjourneys:rocks":1,"minecraft:grass_block":11,"minecraft:jungle_planks":1,"biomesoplenty:cattail":1,"minecraft:sandstone":78,"minecraft:spawner":1,"immersive_weathering:biomesoplenty/fir_leaf_pile":1,"minecraft:furnace":2,"minecraft:iron_ore":86,"projectvibrantjourneys:orange_bark_mushroom":1,"treechop:chopped_log":6,"immersive_weathering:grassy_sandy_dirt":2,"minecraft:stone":135,"bushierflowers:grown_poppy":1,"minecraft:white_wool":1,"biomesoplenty:willow_leaves":2,"projectvibrantjourneys:cattail":4,"projectvibrantjourneys:sea_oats":2,"minecraft:cyan_terracotta":2,"minecraft:kelp_plant":2,"immersive_weathering:spruce_leaf_pile":2,"minecraft:crafting_table":3,"minecraft:light_gray_terracotta":1,"immersive_weathering:sandy_dirt":3,"minecraft:stone_slab":1,"minecraft:cobblestone":8,"minecraft:copper_ore":4,"minecraft:tall_grass":10,"biomesoplenty:huge_clover_petal":2,"minecraft:lily_pad":1,"projectvibrantjourneys:fallen_leaves":2,"minecraft:wall_torch":2,"minecraft:seagrass":1,"minecraft:purple_bed":1,"minecraft:sweet_berry_bush":1,"minecraft:grass":39,"projectvibrantjourneys:sandy_sprouts":1,"minecraft:coal_ore":66,"projectvibrantjourneys:short_grass":11,"minecraft:sand":34,"minecraft:gravel":2,"minecraft:dirt":14,"minecraft:oak_leaves":1,"biomesoplenty:reed":1,"minecraft:fern":7},"minecraft:crafted":{"minecraft:oak_planks":32,"minecraft:stone_shovel":1,"minecraft:furnace":3,"minecraft:stone_pickaxe":2,"minecraft:chest":2,"minecraft:cooked_beef":5,"biomesoplenty:fir_boat":2,"minecraft:cooked_porkchop":6,"minecraft:crafting_table":6,"minecraft:spruce_planks":20,"minecraft:wooden_pickaxe":1,"minecraft:stone_axe":1,"biomesoplenty:fir_planks":40,"minecraft:iron_chestplate":1,"minecraft:stick":60,"minecraft:iron_pickaxe":1,"minecraft:iron_ingot":52,"minecraft:wooden_axe":1,"minecraft:stone_sword":1,"minecraft:torch":108},"minecraft:picked_up":{"minecraft:fishing_rod":1,"minecraft:crafting_table":3,"minecraft:iron_chestplate":1,"minecraft:stone_slab":3,"minecraft:raw_copper":14,"minecraft:iron_shovel":3,"minecraft:spruce_planks":3,"minecraft:beef":21,"projectvibrantjourneys:sandy_sprouts":1,"minecraft:poppy":2,"minecraft:iron_pickaxe":1,"minecraft:furnace":4,"minecraft:stick":135,"minecraft:raw_iron":108,"minecraft:sandstone":141,"ecologics:coconut_slice":4,"minecraft:torch":252,"minecraft:porkchop":6,"immersive_weathering:permafrost":3,"minecraft:stone_sword":3,"minecraft:arrow":2,"minecraft:rotten_flesh":13,"minecraft:stone_shovel":2,"minecraft:cooked_cod":6,"biomesoplenty:cattail":1,"minecraft:cyan_terracotta":2,"immersive_weathering:grassy_sandy_dirt":1,"projectvibrantjourneys:cattail":4,"minecraft:mutton":1,"minecraft:white_wool":2,"minecraft:cobblestone":361,"minecraft:birch_log":5,"minecraft:cooked_beef":4,"minecraft:lilac":1,"projectvibrantjourneys:fallen_leaves":3,"minecraft:leather":9,"immersive_weathering:enchanted_golden_moss_clump":1,"immersive_weathering:sandy_dirt":10,"biomesoplenty:fir_sapling":9,"minecraft:filled_map":1,"biomesoplenty:fir_log":40,"minecraft:oak_log":80,"minecraft:lily_pad":5,"minecraft:gunpowder":1,"minecraft:dirt":164,"minecraft:paper":1,"minecraft:coast_armor_trim_smithing_template":2,"minecraft:bone":11,"minecraft:apple":4,"minecraft:wheat_seeds":22,"wardrobe:goat_fur":6,"minecraft:iron_ingot":43,"minecraft:stone_pickaxe":3,"immersive_weathering:tallow":32,"minecraft:book":1,"projectvibrantjourneys:light_brown_bark_mushroom":1,"minecraft:cooked_porkchop":1,"minecraft:sweet_berries":26,"minecraft:dandelion":3,"minecraft:gravel":2,"minecraft:sand":37,"minecraft:jungle_planks":2,"ecologics:coconut_husk":2,"minecraft:spruce_sapling":10,"minecraft:spruce_log":31,"minecraft:light_gray_terracotta":1,"minecraft:purple_bed":4,"minecraft:stone_axe":3,"projectvibrantjourneys:orange_bark_mushroom":2,"minecraft:oak_sapling":12,"minecraft:coal":100},"minecraft:killed_by":{"minecraft:creeper":1,"minecraft:drowned":1,"minecraft:skeleton":2,"minecraft:zombie":1},"minecraft:broken":{"minecraft:stone_pickaxe":1}},"DataVersion":3465}