{"stats":{"minecraft:used":{"minecraft:wooden_axe":12,"minecraft:stone_sword":10,"minecraft:stone_shovel":3,"minecraft:stone_pickaxe":92,"minecraft:wooden_pickaxe":11,"minecraft:torch":7,"minecraft:dirt":3,"minecraft:crafting_table":2,"minecraft:cooked_porkchop":2,"minecraft:furnace":1},"minecraft:crafted":{"minecraft:stone_shovel":1,"minecraft:cooked_porkchop":6,"minecraft:crafting_table":1,"minecraft:spruce_planks":20,"minecraft:stick":12,"minecraft:wooden_pickaxe":1,"minecraft:stone_pickaxe":1,"minecraft:wooden_axe":1,"minecraft:stone_sword":1,"minecraft:furnace":1,"minecraft:torch":12},"minecraft:picked_up":{"projectvibrantjourneys:light_brown_bark_mushroom":1,"minecraft:stick":5,"minecraft:crafting_table":2,"minecraft:stone_slab":1,"minecraft:porkchop":6,"minecraft:spruce_sapling":4,"minecraft:spruce_log":17,"immersive_weathering:permafrost":1,"minecraft:dirt":46,"minecraft:bone":1,"minecraft:rotten_flesh":2,"biomesoplenty:cattail":1,"minecraft:wheat_seeds":5,"minecraft:spruce_planks":3,"wardrobe:goat_fur":1,"minecraft:stone_pickaxe":1,"projectvibrantjourneys:cattail":1,"projectvibrantjourneys:orange_bark_mushroom":1,"immersive_weathering:tallow":8,"minecraft:coal":31,"minecraft:cobblestone":60},"minecraft:custom":{"minecraft:time_since_rest":14503,"minecraft:interact_with_furnace":5,"minecraft:sprint_one_cm":35873,"minecraft:damage_taken":555,"minecraft:walk_one_cm":64655,"minecraft:mob_kills":5,"minecraft:damage_dealt":490,"minecraft:interact_with_crafting_table":9,"minecraft:fly_one_cm":62822,"minecraft:crouch_one_cm":373,"minecraft:play_time":23248,"minecraft:deaths":2,"minecraft:sneak_time":251,"minecraft:walk_under_water_one_cm":1240,"minecraft:jump":460,"minecraft:walk_on_water_one_cm":3065,"minecraft:time_since_death":14412,"minecraft:climb_one_cm":5658,"minecraft:total_world_time":23248,"minecraft:fall_one_cm":11440},"minecraft:mined":{"projectvibrantjourneys:cattail":1,"immersive_weathering:biomesoplenty/fir_leaf_pile":1,"immersive_weathering:grassy_permafrost":2,"immersive_weathering:spruce_leaf_pile":2,"projectvibrantjourneys:orange_bark_mushroom":1,"treechop:chopped_log":1,"minecraft:crafting_table":1,"minecraft:grass":7,"minecraft:grass_block":5,"minecraft:coal_ore":31,"projectvibrantjourneys:short_grass":1,"minecraft:dirt":7,"minecraft:stone_slab":1,"biomesoplenty:cattail":1,"minecraft:stone":61,"minecraft:fern":4,"biomesoplenty:willow_leaves":2},"minecraft:killed_by":{"minecraft:skeleton":1},"minecraft:killed":{"minecraft:goat":1,"minecraft:pig":4}},"DataVersion":3465}