{"stats":{"minecraft:custom":{"minecraft:interact_with_furnace":16,"minecraft:mob_kills":22,"minecraft:interact_with_crafting_table":30,"minecraft:leave_game":1,"minecraft:time_since_death":23139,"minecraft:sleep_in_bed":2,"minecraft:climb_one_cm":5843,"minecraft:time_since_rest":3199,"minecraft:sprint_one_cm":123307,"minecraft:damage_taken":1874,"minecraft:walk_one_cm":206180,"minecraft:drop":6,"minecraft:damage_dealt":2974,"minecraft:swim_one_cm":6511,"minecraft:fly_one_cm":189786,"minecraft:player_kills":1,"minecraft:open_chest":13,"minecraft:crouch_one_cm":3662,"minecraft:play_time":89370,"minecraft:deaths":5,"minecraft:sneak_time":1236,"minecraft:walk_under_water_one_cm":10292,"minecraft:jump":1183,"minecraft:walk_on_water_one_cm":10601,"minecraft:total_world_time":89370,"minecraft:fall_one_cm":28453},"minecraft:dropped":{"minecraft:cooked_porkchop":1,"minecraft:rotten_flesh":1,"biomesoplenty:fir_sapling":1,"immersive_weathering:tallow":4,"minecraft:lily_pad":2},"minecraft:killed":{"minecraft:pig":4,"minecraft:skeleton":2,"minecraft:goat":2,"minecraft:zombie":11,"minecraft:cow":3},"minecraft:used":{"minecraft:stone_sword":83,"minecraft:iron_shovel":34,"minecraft:stone_pickaxe":148,"minecraft:stone_shovel":12,"minecraft:chest":2,"minecraft:wooden_pickaxe":11,"biomesoplenty:fir_boat":2,"minecraft:torch":19,"minecraft:dirt":9,"minecraft:crafting_table":6,"minecraft:wooden_axe":12,"minecraft:apple":1,"minecraft:iron_pickaxe":10,"minecraft:fishing_rod":3,"minecraft:stone_axe":24,"minecraft:cobblestone":2,"minecraft:sweet_berries":8,"minecraft:purple_bed":2,"minecraft:furnace":3,"minecraft:cooked_porkchop":5},"minecraft:mined":{"projectvibrantjourneys:cattail":1,"minecraft:spruce_planks":1,"projectvibrantjourneys:sea_oats":2,"minecraft:kelp_plant":2,"immersive_weathering:grassy_permafrost":2,"immersive_weathering:spruce_leaf_pile":2,"minecraft:crafting_table":3,"immersive_weathering:sandy_dirt":2,"minecraft:grass_block":10,"minecraft:jungle_planks":1,"minecraft:stone_slab":1,"minecraft:cobblestone":2,"minecraft:tall_grass":2,"biomesoplenty:cattail":1,"projectvibrantjourneys:fallen_leaves":1,"minecraft:sandstone":8,"minecraft:wall_torch":2,"minecraft:seagrass":1,"minecraft:purple_bed":1,"immersive_weathering:biomesoplenty/fir_leaf_pile":1,"minecraft:furnace":2,"minecraft:iron_ore":11,"minecraft:sweet_berry_bush":1,"projectvibrantjourneys:orange_bark_mushroom":1,"treechop:chopped_log":6,"minecraft:grass":17,"projectvibrantjourneys:short_grass":4,"projectvibrantjourneys:sandy_sprouts":1,"minecraft:coal_ore":32,"minecraft:sand":27,"minecraft:dirt":12,"immersive_weathering:grassy_sandy_dirt":2,"minecraft:stone":100,"bushierflowers:grown_poppy":1,"minecraft:oak_leaves":1,"minecraft:fern":7,"biomesoplenty:willow_leaves":2},"minecraft:picked_up":{"minecraft:fishing_rod":1,"minecraft:crafting_table":3,"projectvibrantjourneys:fallen_leaves":2,"minecraft:leather":9,"minecraft:stone_slab":3,"immersive_weathering:sandy_dirt":4,"biomesoplenty:fir_sapling":8,"biomesoplenty:fir_log":40,"minecraft:oak_log":61,"minecraft:lily_pad":5,"minecraft:dirt":118,"minecraft:iron_shovel":3,"minecraft:bone":11,"minecraft:apple":4,"minecraft:wheat_seeds":15,"minecraft:spruce_planks":3,"wardrobe:goat_fur":6,"minecraft:beef":21,"minecraft:stone_pickaxe":3,"projectvibrantjourneys:sandy_sprouts":1,"minecraft:poppy":2,"immersive_weathering:tallow":32,"minecraft:furnace":4,"minecraft:sandstone":8,"minecraft:stick":93,"projectvibrantjourneys:light_brown_bark_mushroom":1,"minecraft:raw_iron":33,"minecraft:cooked_porkchop":1,"minecraft:sweet_berries":26,"minecraft:torch":191,"minecraft:jungle_planks":1,"minecraft:sand":28,"minecraft:porkchop":6,"minecraft:spruce_sapling":10,"minecraft:spruce_log":31,"immersive_weathering:permafrost":3,"minecraft:rotten_flesh":13,"minecraft:stone_sword":2,"minecraft:arrow":2,"minecraft:purple_bed":4,"minecraft:stone_shovel":2,"minecraft:stone_axe":2,"biomesoplenty:cattail":1,"projectvibrantjourneys:cattail":1,"projectvibrantjourneys:orange_bark_mushroom":1,"minecraft:oak_sapling":12,"minecraft:coal":67,"minecraft:cobblestone":248},"minecraft:crafted":{"minecraft:cooked_beef":5,"minecraft:oak_planks":24,"minecraft:stone_shovel":1,"biomesoplenty:fir_boat":2,"minecraft:cooked_porkchop":6,"minecraft:crafting_table":4,"minecraft:spruce_planks":20,"minecraft:wooden_pickaxe":1,"minecraft:furnace":1,"minecraft:stone_axe":1,"biomesoplenty:fir_planks":40,"minecraft:iron_chestplate":1,"minecraft:stick":60,"minecraft:iron_pickaxe":1,"minecraft:iron_ingot":11,"minecraft:stone_pickaxe":2,"minecraft:wooden_axe":1,"minecraft:stone_sword":1,"minecraft:chest":2,"minecraft:torch":108},"minecraft:killed_by":{"minecraft:skeleton":2,"minecraft:zombie":1,"minecraft:drowned":1},"minecraft:broken":{"minecraft:stone_pickaxe":1}},"DataVersion":3465}