{"stats":{"minecraft:broken":{"minecraft:stone_pickaxe":1},"minecraft:picked_up":{"minecraft:crafting_table":3,"projectvibrantjourneys:fallen_leaves":1,"minecraft:leather":6,"minecraft:stone_slab":2,"biomesoplenty:fir_sapling":6,"biomesoplenty:fir_log":35,"minecraft:oak_log":42,"minecraft:lily_pad":3,"minecraft:dirt":83,"minecraft:iron_shovel":2,"minecraft:bone":6,"minecraft:apple":3,"minecraft:wheat_seeds":10,"minecraft:spruce_planks":3,"wardrobe:goat_fur":4,"minecraft:beef":14,"minecraft:stone_pickaxe":2,"projectvibrantjourneys:sandy_sprouts":1,"minecraft:poppy":2,"immersive_weathering:tallow":24,"minecraft:furnace":2,"projectvibrantjourneys:light_brown_bark_mushroom":1,"minecraft:stick":49,"minecraft:raw_iron":22,"minecraft:cooked_porkchop":1,"minecraft:sweet_berries":14,"minecraft:torch":96,"minecraft:porkchop":6,"minecraft:spruce_sapling":7,"minecraft:spruce_log":24,"immersive_weathering:permafrost":2,"minecraft:rotten_flesh":7,"minecraft:stone_sword":1,"minecraft:arrow":1,"minecraft:purple_bed":3,"minecraft:stone_shovel":1,"minecraft:stone_axe":1,"biomesoplenty:cattail":1,"projectvibrantjourneys:cattail":1,"projectvibrantjourneys:orange_bark_mushroom":1,"minecraft:oak_sapling":12,"minecraft:coal":63,"minecraft:cobblestone":172},"minecraft:killed":{"minecraft:pig":4,"minecraft:skeleton":2,"minecraft:goat":2,"minecraft:zombie":9,"minecraft:cow":3},"minecraft:mined":{"projectvibrantjourneys:cattail":1,"immersive_weathering:grassy_permafrost":2,"immersive_weathering:spruce_leaf_pile":2,"minecraft:crafting_table":3,"minecraft:grass_block":10,"minecraft:stone_slab":1,"minecraft:cobblestone":2,"minecraft:tall_grass":2,"biomesoplenty:cattail":1,"projectvibrantjourneys:fallen_leaves":1,"minecraft:wall_torch":2,"minecraft:purple_bed":1,"immersive_weathering:biomesoplenty/fir_leaf_pile":1,"minecraft:furnace":1,"minecraft:iron_ore":11,"minecraft:sweet_berry_bush":1,"projectvibrantjourneys:orange_bark_mushroom":1,"treechop:chopped_log":5,"minecraft:grass":17,"projectvibrantjourneys:sandy_sprouts":1,"projectvibrantjourneys:short_grass":4,"minecraft:coal_ore":32,"minecraft:dirt":9,"minecraft:stone":98,"bushierflowers:grown_poppy":1,"minecraft:oak_leaves":1,"minecraft:fern":7,"biomesoplenty:willow_leaves":2},"minecraft:crafted":{"minecraft:oak_planks":24,"minecraft:stone_shovel":1,"biomesoplenty:fir_boat":1,"minecraft:cooked_porkchop":6,"minecraft:crafting_table":3,"minecraft:spruce_planks":20,"minecraft:wooden_pickaxe":1,"minecraft:furnace":1,"minecraft:stone_axe":1,"biomesoplenty:fir_planks":20,"minecraft:stick":60,"minecraft:stone_pickaxe":2,"minecraft:wooden_axe":1,"minecraft:stone_sword":1,"minecraft:chest":1,"minecraft:torch":108},"minecraft:custom":{"minecraft:interact_with_furnace":5,"minecraft:mob_kills":20,"minecraft:interact_with_crafting_table":15,"minecraft:leave_game":1,"minecraft:time_since_death":0,"minecraft:sleep_in_bed":1,"minecraft:climb_one_cm":5658,"minecraft:time_since_rest":448,"minecraft:sprint_one_cm":94839,"minecraft:walk_one_cm":168951,"minecraft:damage_taken":1725,"minecraft:drop":1,"minecraft:damage_dealt":2574,"minecraft:fly_one_cm":144992,"minecraft:player_kills":1,"minecraft:open_chest":1,"minecraft:crouch_one_cm":3548,"minecraft:play_time":65876,"minecraft:deaths":5,"minecraft:sneak_time":1200,"minecraft:walk_under_water_one_cm":1673,"minecraft:jump":953,"minecraft:walk_on_water_one_cm":4136,"minecraft:total_world_time":65876,"minecraft:fall_one_cm":23528},"minecraft:killed_by":{"minecraft:skeleton":2,"minecraft:zombie":1,"minecraft:drowned":1},"minecraft:used":{"minecraft:stone_sword":73,"minecraft:stone_pickaxe":147,"minecraft:stone_shovel":12,"minecraft:chest":1,"minecraft:wooden_pickaxe":11,"biomesoplenty:fir_boat":1,"minecraft:torch":15,"minecraft:dirt":9,"minecraft:crafting_table":5,"minecraft:wooden_axe":12,"minecraft:apple":1,"minecraft:stone_axe":22,"minecraft:cobblestone":2,"minecraft:sweet_berries":3,"minecraft:purple_bed":1,"minecraft:furnace":1,"minecraft:cooked_porkchop":5},"minecraft:dropped":{"minecraft:cooked_porkchop":1}},"DataVersion":3465}