{"stats":{"minecraft:crafted":{"hangglider:glider_framework":1,"minecraft:oak_planks":100,"minecraft:stone_shovel":1,"hangglider:hang_glider":1,"minecraft:birch_boat":1,"minecraft:furnace":5,"minecraft:stone_button":8,"minecraft:stone":24,"hangglider:glider_wing":2,"minecraft:heavy_weighted_pressure_plate":1,"minecraft:cooked_mutton":3,"minecraft:iron_boots":1,"tombstone:grave_key":1,"minecraft:iron_hoe":1,"minecraft:stone_pickaxe":2,"pizzacraft:rolling_pin":1,"minecraft:chest":6,"minecraft:wheat":63,"minecraft:cooked_beef":10,"biomesoplenty:fir_boat":2,"minecraft:cooked_porkchop":6,"minecraft:crafting_table":14,"minecraft:spruce_planks":20,"minecraft:iron_helmet":1,"minecraft:wooden_pickaxe":1,"minecraft:bucket":2,"minecraft:birch_planks":20,"minecraft:stone_axe":1,"minecraft:bread":35,"biomesoplenty:fir_planks":92,"minecraft:oak_boat":1,"minecraft:iron_chestplate":1,"minecraft:stick":76,"minecraft:iron_ingot":79,"minecraft:iron_pickaxe":4,"minecraft:wooden_axe":1,"minecraft:stone_sword":1,"minecraft:iron_shovel":2,"minecraft:torch":244},"minecraft:picked_up":{"minecraft:fishing_rod":1,"minecraft:mud":1,"minecraft:iron_chestplate":2,"minecraft:crafting_table":4,"minecraft:wheat":47,"minecraft:chicken":5,"minecraft:stone_slab":3,"minecraft:gold_block":2,"minecraft:enchanted_book":1,"minecraft:stone_brick_stairs":1,"minecraft:heavy_weighted_pressure_plate":2,"minecraft:raw_copper":14,"minecraft:iron_leggings":1,"minecraft:iron_shovel":4,"biomesoplenty:fir_planks":6,"bosses_of_mass_destruction:soul_star":2,"minecraft:bucket":1,"minecraft:spruce_planks":3,"minecraft:beef":26,"minecraft:azalea":1,"minecraft:poppy":2,"minecraft:oak_boat":1,"projectvibrantjourneys:sandy_sprouts":1,"minecraft:iron_pickaxe":3,"minecraft:melon_slice":4,"minecraft:phantom_membrane":1,"minecraft:furnace":4,"minecraft:iron_boots":1,"minecraft:stick":176,"minecraft:raw_iron":135,"minecraft:sandstone":205,"ecologics:coconut_slice":4,"minecraft:torch":336,"minecraft:porkchop":6,"tombstone:grave_dust":1,"minecraft:carrot":1,"immersive_weathering:permafrost":3,"minecraft:purple_terracotta":1,"minecraft:stone_sword":4,"minecraft:arrow":7,"minecraft:stone_shovel":2,"minecraft:rotten_flesh":31,"minecraft:cooked_cod":6,"biomesoplenty:cattail":1,"minecraft:hay_block":7,"minecraft:cyan_terracotta":2,"immersive_weathering:grassy_sandy_dirt":1,"projectvibrantjourneys:cattail":24,"minecraft:mutton":7,"minecraft:cobblestone":842,"minecraft:white_wool":6,"minecraft:stripped_oak_log":1,"minecraft:birch_log":10,"minecraft:feather":8,"minecraft:lilac":1,"minecraft:cooked_beef":4,"minecraft:golden_leggings":1,"minecraft:andesite":5,"projectvibrantjourneys:fallen_leaves":7,"immersive_weathering:enchanted_golden_moss_clump":1,"minecraft:leather":20,"immersive_weathering:sandy_dirt":10,"biomesoplenty:fir_sapling":9,"minecraft:filled_map":3,"biomesoplenty:fir_log":99,"minecraft:flint":4,"minecraft:oak_log":95,"minecraft:lily_pad":5,"minecraft:gunpowder":1,"minecraft:dirt":439,"minecraft:paper":1,"tombstone:gift":2,"biomesoplenty:glowing_moss_carpet":1,"minecraft:coast_armor_trim_smithing_template":4,"minecraft:bone":11,"minecraft:apple":4,"minecraft:wheat_seeds":176,"minecraft:stone_pickaxe":3,"projectvibrantjourneys:small_cactus":1,"minecraft:iron_ingot":103,"wardrobe:goat_fur":6,"minecraft:glass_bottle":2,"minecraft:iron_sword":1,"immersive_weathering:tallow":32,"minecraft:book":2,"biomesoplenty:magic_sapling":2,"projectvibrantjourneys:light_brown_bark_mushroom":1,"minecraft:cooked_porkchop":1,"minecraft:sweet_berries":26,"minecraft:dandelion":3,"minecraft:gravel":34,"minecraft:sand":38,"minecraft:jungle_planks":3,"ecologics:coconut_husk":2,"minecraft:spruce_sapling":10,"minecraft:spruce_log":31,"biomesoplenty:glowing_moss_block":1,"naturalist:duck_egg":4,"minecraft:spider_eye":3,"minecraft:mossy_cobblestone":5,"minecraft:bundle":2,"minecraft:iron_hoe":1,"minecraft:light_gray_terracotta":1,"minecraft:purple_bed":4,"biomesoplenty:magic_planks":1,"minecraft:stone_axe":4,"minecraft:iron_helmet":1,"minecraft:bread":2,"minecraft:emerald":3,"minecraft:netherrack":1,"projectvibrantjourneys:orange_bark_mushroom":4,"minecraft:oak_sapling":12,"projectvibrantjourneys:twigs":1,"minecraft:coal":172,"minecraft:crimson_roots":3,"minecraft:ender_pearl":1},"minecraft:killed_by":{"minecraft:creeper":1,"minecraft:drowned":1,"minecraft:skeleton":2,"minecraft:phantom":1,"minecraft:zombie":2},"minecraft:dropped":{"minecraft:bread":10,"minecraft:iron_ingot":32,"minecraft:wheat_seeds":1,"minecraft:mossy_cobblestone":4,"immersive_weathering:grassy_sandy_dirt":1,"minecraft:crafting_table":1,"minecraft:cooked_porkchop":1,"biomesoplenty:magic_sapling":2,"minecraft:feather":1,"projectvibrantjourneys:orange_bark_mushroom":3,"biomesoplenty:fir_sapling":2,"minecraft:milk_bucket":2,"minecraft:crimson_roots":3,"projectvibrantjourneys:fallen_leaves":1,"minecraft:cooked_cod":4,"minecraft:iron_pickaxe":1,"minecraft:lily_pad":2,"minecraft:white_wool":1,"minecraft:dandelion":3,"pizzacraft:rolling_pin":1,"minecraft:wheat":1,"minecraft:chicken":5,"tombstone:gift":2,"minecraft:rotten_flesh":17,"minecraft:stripped_oak_log":1,"minecraft:filled_map":1,"minecraft:heavy_weighted_pressure_plate":2,"minecraft:azalea":1,"minecraft:andesite":5,"minecraft:spider_eye":3,"ecologics:coconut_husk":2,"immersive_weathering:tallow":4,"minecraft:beef":4,"projectvibrantjourneys:cattail":20,"minecraft:arrow":5},"minecraft:broken":{"minecraft:stone_sword":1,"minecraft:stone_pickaxe":1,"minecraft:iron_helmet":1,"minecraft:iron_pickaxe":3},"minecraft:custom":{"minecraft:mob_kills":71,"minecraft:interact_with_crafting_table":82,"minecraft:open_barrel":10,"minecraft:leave_game":6,"minecraft:time_since_death":76639,"minecraft:climb_one_cm":6229,"minecraft:sprint_one_cm":544995,"minecraft:walk_one_cm":958582,"minecraft:drop":69,"minecraft:talked_to_villager":5,"minecraft:play_time":447664,"minecraft:deaths":10,"minecraft:sneak_time":12500,"minecraft:walk_under_water_one_cm":67665,"minecraft:boat_one_cm":20,"minecraft:jump":6801,"minecraft:walk_on_water_one_cm":130369,"minecraft:total_world_time":447664,"minecraft:interact_with_furnace":54,"tombstone:raider_killed":1,"minecraft:sleep_in_bed":7,"minecraft:time_since_rest":14028,"minecraft:damage_taken":8743,"minecraft:damage_dealt":10356,"minecraft:fly_one_cm":1184593,"minecraft:swim_one_cm":128191,"minecraft:player_kills":1,"minecraft:open_chest":92,"minecraft:crouch_one_cm":42323,"tombstone:undead_killed":11,"minecraft:fall_one_cm":196177,"minecraft:horse_one_cm":2495},"minecraft:used":{"minecraft:trident":4,"minecraft:stone_sword":139,"minecraft:iron_shovel":341,"minecraft:stone_shovel":12,"biomesoplenty:glowing_moss_block":1,"minecraft:chest":6,"minecraft:iron_sword":180,"minecraft:cooked_salmon":2,"minecraft:torch":249,"minecraft:dirt":278,"minecraft:carrot":1,"minecraft:wooden_axe":12,"minecraft:iron_hoe":319,"immersive_weathering:enchanted_golden_moss_clump":1,"minecraft:sweet_berries":13,"minecraft:furnace":7,"minecraft:cooked_cod":2,"tombstone:gift":4,"minecraft:cooked_beef":6,"minecraft:wheat_seeds":158,"minecraft:cooked_mutton":3,"minecraft:water_bucket":21,"minecraft:oak_planks":24,"minecraft:stone_pickaxe":148,"minecraft:birch_boat":1,"minecraft:wooden_pickaxe":11,"minecraft:sandstone":64,"biomesoplenty:fir_planks":21,"biomesoplenty:fir_boat":2,"immersive_weathering:sandy_dirt":5,"naturalist:duck_egg":3,"minecraft:white_wool":1,"minecraft:sand":1,"minecraft:crafting_table":16,"minecraft:apple":7,"minecraft:bread":101,"minecraft:iron_pickaxe":823,"minecraft:melon_slice":4,"tombstone:grave_key":2,"biomesoplenty:glowing_moss_carpet":1,"minecraft:gravel":2,"minecraft:stone_axe":61,"ecologics:coconut_slice":4,"minecraft:fishing_rod":3,"minecraft:cobblestone":455,"minecraft:purple_bed":2,"minecraft:cooked_porkchop":5,"projectvibrantjourneys:small_cactus":1,"minecraft:bucket":21,"minecraft:oak_boat":1},"minecraft:killed":{"minecraft:witch":1,"minecraft:spider":3,"naturalist:tortoise":2,"minecraft:skeleton":6,"minecraft:chicken":5,"minecraft:parrot":1,"minecraft:pig":4,"minecraft:sheep":5,"minecraft:trader_llama":2,"minecraft:goat":2,"minecraft:zombie":22,"naturalist:sparrow":2,"minecraft:enderman":2,"minecraft:cow":13},"minecraft:mined":{"biomesoplenty:glowing_moss_block":2,"minecraft:spruce_planks":1,"biomesoplenty:watergrass":91,"minecraft:farmland":1,"minecraft:mossy_stone_brick_slab":1,"immersive_weathering:grassy_permafrost":2,"farmersdelight:wild_carrots":1,"biomesoplenty:desert_grass":4,"projectvibrantjourneys:rocks":1,"minecraft:purple_terracotta":1,"minecraft:grass_block":160,"minecraft:jungle_planks":1,"minecraft:crimson_roots":1,"minecraft:spruce_leaves":7,"biomesoplenty:cattail":1,"minecraft:sandstone":78,"biomesoplenty:dune_grass":1,"minecraft:spawner":2,"minecraft:hay_block":7,"minecraft:tall_seagrass":4,"immersive_weathering:biomesoplenty/fir_leaf_pile":1,"minecraft:furnace":2,"immersive_weathering:mossy_stone":5,"minecraft:iron_ore":113,"projectvibrantjourneys:orange_bark_mushroom":1,"minecraft:andesite":5,"treechop:chopped_log":7,"minecraft:gold_block":2,"minecraft:sculk_shrieker":1,"biomesoplenty:glowshroom_block":2,"immersive_weathering:grassy_sandy_dirt":2,"minecraft:stone":568,"bushierflowers:grown_poppy":1,"minecraft:white_wool":1,"biomesoplenty:willow_leaves":2,"projectvibrantjourneys:cattail":20,"minecraft:cyan_terracotta":2,"projectvibrantjourneys:sea_oats":2,"immersive_weathering:spruce_leaf_pile":2,"biomesoplenty:glowworm_silk":3,"minecraft:kelp_plant":2,"minecraft:crimson_nylium":2,"minecraft:stone_brick_slab":1,"minecraft:crafting_table":3,"minecraft:torch":5,"minecraft:light_gray_terracotta":1,"projectvibrantjourneys:small_cactus":1,"projectvibrantjourneys:twigs":1,"minecraft:emerald_ore":4,"immersive_weathering:sandy_dirt":3,"minecraft:melon":1,"minecraft:sculk_sensor":1,"minecraft:stone_slab":1,"minecraft:cobblestone":35,"minecraft:tall_grass":51,"minecraft:copper_ore":4,"biomesoplenty:sprout":2,"biomesoplenty:huge_clover_petal":2,"minecraft:lily_pad":2,"projectvibrantjourneys:fallen_leaves":2,"minecraft:sculk":8,"minecraft:wall_torch":9,"supplementaries:urn":2,"minecraft:seagrass":2,"minecraft:purple_bed":1,"farmersdelight:sandy_shrub":1,"biomesoplenty:magic_leaves":5,"minecraft:wheat":49,"minecraft:sweet_berry_bush":1,"minecraft:stone_brick_stairs":1,"biomesoplenty:fir_log":1,"minecraft:grass":241,"projectvibrantjourneys:sandy_sprouts":1,"minecraft:coal_ore":116,"projectvibrantjourneys:short_grass":58,"minecraft:gravel":38,"minecraft:sand":35,"minecraft:dirt":87,"minecraft:oak_leaves":3,"minecraft:fern":7,"biomesoplenty:reed":1}},"DataVersion":3465}