{"stats":{"minecraft:used":{"minecraft:wooden_axe":12,"minecraft:stone_sword":54,"minecraft:stone_shovel":12,"minecraft:stone_pickaxe":126,"minecraft:wooden_pickaxe":11,"minecraft:stone_axe":11,"minecraft:torch":10,"minecraft:dirt":3,"minecraft:cobblestone":2,"minecraft:crafting_table":3,"minecraft:cooked_porkchop":3,"minecraft:furnace":1},"minecraft:crafted":{"minecraft:stone_shovel":1,"minecraft:cooked_porkchop":6,"minecraft:crafting_table":2,"minecraft:spruce_planks":20,"minecraft:stick":12,"minecraft:wooden_pickaxe":1,"minecraft:stone_pickaxe":1,"minecraft:wooden_axe":1,"minecraft:stone_sword":1,"minecraft:furnace":1,"minecraft:torch":12,"minecraft:stone_axe":1},"minecraft:picked_up":{"projectvibrantjourneys:light_brown_bark_mushroom":1,"minecraft:stick":5,"minecraft:crafting_table":2,"minecraft:stone_slab":1,"minecraft:porkchop":6,"minecraft:spruce_sapling":4,"minecraft:spruce_log":17,"immersive_weathering:permafrost":1,"minecraft:dirt":51,"minecraft:iron_shovel":1,"minecraft:bone":1,"minecraft:rotten_flesh":4,"biomesoplenty:cattail":1,"minecraft:wheat_seeds":5,"minecraft:spruce_planks":3,"wardrobe:goat_fur":2,"minecraft:stone_pickaxe":1,"projectvibrantjourneys:cattail":1,"projectvibrantjourneys:orange_bark_mushroom":1,"immersive_weathering:tallow":16,"minecraft:coal":58,"minecraft:cobblestone":92,"minecraft:furnace":1},"minecraft:dropped":{"minecraft:cooked_porkchop":1},"minecraft:custom":{"minecraft:time_since_rest":26503,"minecraft:interact_with_furnace":5,"minecraft:sprint_one_cm":43647,"minecraft:damage_taken":825,"minecraft:walk_one_cm":97170,"minecraft:mob_kills":15,"minecraft:drop":1,"minecraft:damage_dealt":2004,"minecraft:interact_with_crafting_table":10,"minecraft:fly_one_cm":75278,"minecraft:crouch_one_cm":1136,"minecraft:play_time":35248,"minecraft:deaths":2,"minecraft:sneak_time":460,"minecraft:walk_under_water_one_cm":1240,"minecraft:jump":577,"minecraft:walk_on_water_one_cm":3065,"minecraft:time_since_death":26412,"minecraft:climb_one_cm":5658,"minecraft:total_world_time":35248,"minecraft:fall_one_cm":13379},"minecraft:mined":{"projectvibrantjourneys:cattail":1,"immersive_weathering:biomesoplenty/fir_leaf_pile":1,"minecraft:furnace":1,"immersive_weathering:grassy_permafrost":2,"immersive_weathering:spruce_leaf_pile":2,"projectvibrantjourneys:orange_bark_mushroom":1,"treechop:chopped_log":1,"minecraft:crafting_table":2,"minecraft:grass":13,"minecraft:grass_block":10,"minecraft:coal_ore":31,"projectvibrantjourneys:short_grass":1,"minecraft:dirt":8,"minecraft:stone_slab":1,"minecraft:tall_grass":1,"minecraft:cobblestone":2,"biomesoplenty:cattail":1,"minecraft:stone":92,"minecraft:fern":4,"biomesoplenty:willow_leaves":2},"minecraft:killed_by":{"minecraft:skeleton":1},"minecraft:killed":{"minecraft:goat":2,"minecraft:zombie":9,"minecraft:pig":4}},"DataVersion":3465}