{"stats":{"minecraft:custom":{"minecraft:interact_with_furnace":5,"minecraft:mob_kills":20,"minecraft:interact_with_crafting_table":18,"minecraft:leave_game":1,"minecraft:time_since_death":11139,"minecraft:sleep_in_bed":1,"minecraft:climb_one_cm":5843,"minecraft:time_since_rest":11942,"minecraft:sprint_one_cm":114705,"minecraft:damage_taken":1725,"minecraft:walk_one_cm":182463,"minecraft:drop":6,"minecraft:damage_dealt":2703,"minecraft:swim_one_cm":6511,"minecraft:fly_one_cm":171600,"minecraft:player_kills":1,"minecraft:open_chest":3,"minecraft:crouch_one_cm":3662,"minecraft:play_time":77370,"minecraft:deaths":5,"minecraft:sneak_time":1225,"minecraft:walk_under_water_one_cm":1773,"minecraft:jump":1068,"minecraft:walk_on_water_one_cm":5373,"minecraft:total_world_time":77370,"minecraft:fall_one_cm":26036},"minecraft:dropped":{"minecraft:cooked_porkchop":1,"minecraft:rotten_flesh":1,"biomesoplenty:fir_sapling":1,"immersive_weathering:tallow":4,"minecraft:lily_pad":2},"minecraft:killed":{"minecraft:pig":4,"minecraft:skeleton":2,"minecraft:goat":2,"minecraft:zombie":9,"minecraft:cow":3},"minecraft:used":{"minecraft:stone_sword":76,"minecraft:stone_pickaxe":147,"minecraft:stone_shovel":12,"minecraft:chest":1,"minecraft:wooden_pickaxe":11,"biomesoplenty:fir_boat":2,"minecraft:torch":16,"minecraft:dirt":9,"minecraft:crafting_table":5,"minecraft:wooden_axe":12,"minecraft:apple":1,"minecraft:stone_axe":22,"minecraft:cobblestone":2,"minecraft:sweet_berries":3,"minecraft:purple_bed":1,"minecraft:furnace":1,"minecraft:cooked_porkchop":5},"minecraft:mined":{"projectvibrantjourneys:cattail":1,"projectvibrantjourneys:sea_oats":2,"minecraft:kelp_plant":2,"immersive_weathering:grassy_permafrost":2,"immersive_weathering:spruce_leaf_pile":2,"minecraft:crafting_table":3,"minecraft:grass_block":10,"minecraft:stone_slab":1,"minecraft:cobblestone":2,"minecraft:tall_grass":2,"biomesoplenty:cattail":1,"projectvibrantjourneys:fallen_leaves":1,"minecraft:wall_torch":2,"minecraft:seagrass":1,"minecraft:purple_bed":1,"immersive_weathering:biomesoplenty/fir_leaf_pile":1,"minecraft:furnace":1,"minecraft:iron_ore":11,"minecraft:sweet_berry_bush":1,"projectvibrantjourneys:orange_bark_mushroom":1,"treechop:chopped_log":6,"minecraft:grass":17,"projectvibrantjourneys:short_grass":4,"projectvibrantjourneys:sandy_sprouts":1,"minecraft:coal_ore":32,"minecraft:dirt":9,"minecraft:stone":98,"bushierflowers:grown_poppy":1,"minecraft:oak_leaves":1,"minecraft:fern":7,"biomesoplenty:willow_leaves":2},"minecraft:crafted":{"minecraft:oak_planks":24,"minecraft:stone_shovel":1,"biomesoplenty:fir_boat":2,"minecraft:cooked_porkchop":6,"minecraft:crafting_table":3,"minecraft:spruce_planks":20,"minecraft:wooden_pickaxe":1,"minecraft:furnace":1,"minecraft:stone_axe":1,"biomesoplenty:fir_planks":28,"minecraft:stick":60,"minecraft:stone_pickaxe":2,"minecraft:wooden_axe":1,"minecraft:stone_sword":1,"minecraft:chest":1,"minecraft:torch":108},"minecraft:picked_up":{"minecraft:crafting_table":3,"projectvibrantjourneys:fallen_leaves":2,"minecraft:leather":9,"minecraft:stone_slab":3,"biomesoplenty:fir_sapling":8,"biomesoplenty:fir_log":40,"minecraft:oak_log":61,"minecraft:lily_pad":5,"minecraft:dirt":115,"minecraft:iron_shovel":3,"minecraft:bone":11,"minecraft:apple":4,"minecraft:wheat_seeds":15,"minecraft:spruce_planks":3,"wardrobe:goat_fur":6,"minecraft:beef":21,"minecraft:stone_pickaxe":3,"projectvibrantjourneys:sandy_sprouts":1,"minecraft:poppy":2,"immersive_weathering:tallow":32,"minecraft:furnace":3,"minecraft:stick":93,"projectvibrantjourneys:light_brown_bark_mushroom":1,"minecraft:raw_iron":33,"minecraft:cooked_porkchop":1,"minecraft:sweet_berries":26,"minecraft:torch":191,"minecraft:sand":3,"minecraft:porkchop":6,"minecraft:spruce_sapling":10,"minecraft:spruce_log":31,"immersive_weathering:permafrost":3,"minecraft:rotten_flesh":11,"minecraft:stone_sword":2,"minecraft:arrow":2,"minecraft:purple_bed":4,"minecraft:stone_shovel":2,"minecraft:stone_axe":2,"biomesoplenty:cattail":1,"projectvibrantjourneys:cattail":1,"projectvibrantjourneys:orange_bark_mushroom":1,"minecraft:oak_sapling":12,"minecraft:coal":67,"minecraft:cobblestone":246},"minecraft:killed_by":{"minecraft:skeleton":2,"minecraft:zombie":1,"minecraft:drowned":1},"minecraft:broken":{"minecraft:stone_pickaxe":1}},"DataVersion":3465}