{"stats":{"minecraft:crafted":{"minecraft:oak_planks":100,"hangglider:hang_glider":1,"minecraft:birch_boat":1,"minecraft:stone":24,"minecraft:heavy_weighted_pressure_plate":1,"minecraft:cooked_mutton":3,"minecraft:iron_boots":1,"tombstone:grave_key":1,"minecraft:chest":6,"pizzacraft:rolling_pin":1,"minecraft:cooked_porkchop":6,"minecraft:crafting_table":14,"minecraft:spruce_planks":20,"minecraft:wooden_pickaxe":1,"minecraft:iron_helmet":1,"minecraft:birch_planks":20,"biomesoplenty:fir_planks":92,"minecraft:iron_chestplate":1,"minecraft:stick":76,"minecraft:iron_pickaxe":4,"minecraft:iron_ingot":79,"minecraft:stone_sword":1,"hangglider:glider_framework":1,"minecraft:stone_shovel":1,"minecraft:furnace":5,"minecraft:stone_button":8,"hangglider:glider_wing":2,"minecraft:iron_hoe":1,"minecraft:stone_pickaxe":2,"minecraft:wheat":63,"minecraft:cooked_beef":10,"biomesoplenty:fir_boat":2,"minecraft:bucket":2,"minecraft:stone_axe":1,"minecraft:bread":35,"minecraft:oak_boat":1,"minecraft:wooden_axe":1,"minecraft:iron_shovel":2,"minecraft:torch":244},"minecraft:picked_up":{"minecraft:iron_chestplate":2,"minecraft:wheat":47,"minecraft:stone_slab":3,"minecraft:enchanted_book":1,"minecraft:stone_brick_stairs":1,"minecraft:raw_copper":14,"minecraft:iron_leggings":1,"minecraft:bucket":1,"bosses_of_mass_destruction:soul_star":2,"biomesoplenty:fir_planks":6,"minecraft:spruce_planks":3,"minecraft:azalea":1,"minecraft:iron_pickaxe":3,"minecraft:melon_slice":4,"minecraft:iron_boots":1,"minecraft:furnace":4,"minecraft:stick":176,"pizzacraft:raw_pizza":1,"minecraft:torch":336,"minecraft:porkchop":6,"tombstone:grave_dust":1,"minecraft:stone_sword":4,"minecraft:rotten_flesh":31,"minecraft:cyan_terracotta":2,"pizzacraft:pizza_slice":3,"immersive_weathering:grassy_sandy_dirt":1,"projectvibrantjourneys:cattail":24,"minecraft:cobblestone":850,"minecraft:birch_log":10,"minecraft:cooked_beef":4,"minecraft:feather":8,"minecraft:lilac":1,"pizzacraft:pepper_seeds":2,"minecraft:andesite":5,"projectvibrantjourneys:fallen_leaves":7,"minecraft:golden_leggings":1,"immersive_weathering:sandy_dirt":10,"minecraft:flint":4,"biomesoplenty:fir_log":99,"biomesoplenty:fir_sapling":9,"minecraft:dirt":439,"minecraft:bone":11,"minecraft:wheat_seeds":176,"immersive_weathering:tallow":32,"pizzacraft:pizza":2,"biomesoplenty:magic_sapling":2,"minecraft:cooked_porkchop":1,"minecraft:jungle_planks":3,"minecraft:sand":38,"ecologics:coconut_husk":2,"minecraft:mossy_cobblestone":5,"naturalist:duck_egg":4,"minecraft:iron_hoe":1,"minecraft:bundle":2,"minecraft:light_gray_terracotta":1,"biomesoplenty:magic_planks":1,"minecraft:emerald":3,"minecraft:bread":2,"minecraft:oak_sapling":12,"minecraft:netherrack":1,"minecraft:crimson_roots":3,"minecraft:fishing_rod":1,"minecraft:mud":1,"minecraft:crafting_table":4,"minecraft:chicken":5,"minecraft:gold_block":2,"minecraft:heavy_weighted_pressure_plate":2,"minecraft:iron_shovel":4,"minecraft:beef":28,"minecraft:oak_boat":1,"projectvibrantjourneys:sandy_sprouts":1,"minecraft:poppy":2,"minecraft:phantom_membrane":1,"pizzacraft:corn":1,"minecraft:raw_iron":135,"minecraft:sandstone":205,"ecologics:coconut_slice":4,"minecraft:carrot":1,"immersive_weathering:permafrost":3,"minecraft:purple_terracotta":1,"minecraft:arrow":7,"minecraft:stone_shovel":2,"minecraft:cooked_cod":6,"biomesoplenty:cattail":1,"minecraft:hay_block":7,"minecraft:mutton":7,"minecraft:white_wool":6,"minecraft:stripped_oak_log":1,"minecraft:leather":20,"immersive_weathering:enchanted_golden_moss_clump":1,"minecraft:filled_map":3,"minecraft:oak_log":95,"minecraft:lily_pad":5,"minecraft:gunpowder":1,"minecraft:paper":1,"tombstone:gift":2,"biomesoplenty:glowing_moss_carpet":1,"minecraft:coast_armor_trim_smithing_template":4,"minecraft:apple":4,"projectvibrantjourneys:small_cactus":1,"wardrobe:goat_fur":6,"minecraft:iron_ingot":103,"minecraft:stone_pickaxe":3,"minecraft:glass_bottle":2,"minecraft:iron_sword":1,"minecraft:book":2,"projectvibrantjourneys:light_brown_bark_mushroom":1,"pizzacraft:pepper":7,"minecraft:sweet_berries":26,"minecraft:dandelion":3,"minecraft:gravel":34,"minecraft:spruce_sapling":10,"minecraft:spruce_log":31,"biomesoplenty:glowing_moss_block":1,"minecraft:spider_eye":3,"minecraft:purple_bed":4,"minecraft:stone_axe":4,"minecraft:iron_helmet":1,"projectvibrantjourneys:orange_bark_mushroom":4,"projectvibrantjourneys:twigs":1,"minecraft:coal":172,"minecraft:ender_pearl":1},"minecraft:killed_by":{"minecraft:creeper":1,"minecraft:drowned":1,"minecraft:zombie":2,"minecraft:skeleton":2,"minecraft:phantom":1},"minecraft:dropped":{"minecraft:crafting_table":1,"minecraft:cooked_porkchop":1,"pizzacraft:corn":1,"projectvibrantjourneys:orange_bark_mushroom":3,"biomesoplenty:fir_sapling":2,"projectvibrantjourneys:fallen_leaves":1,"minecraft:crimson_roots":3,"minecraft:cooked_cod":4,"minecraft:iron_pickaxe":1,"minecraft:white_wool":1,"minecraft:wheat":1,"tombstone:gift":2,"minecraft:rotten_flesh":17,"minecraft:heavy_weighted_pressure_plate":2,"ecologics:coconut_husk":2,"minecraft:azalea":1,"immersive_weathering:tallow":4,"minecraft:arrow":5,"minecraft:beef":4,"projectvibrantjourneys:cattail":20,"minecraft:iron_ingot":32,"minecraft:bread":10,"minecraft:wheat_seeds":1,"minecraft:mossy_cobblestone":4,"immersive_weathering:grassy_sandy_dirt":1,"biomesoplenty:magic_sapling":2,"minecraft:feather":1,"minecraft:milk_bucket":2,"minecraft:lily_pad":2,"minecraft:dandelion":3,"pizzacraft:rolling_pin":1,"minecraft:chicken":5,"minecraft:stripped_oak_log":1,"pizzacraft:pepper":1,"minecraft:filled_map":1,"minecraft:andesite":5,"minecraft:spider_eye":3},"minecraft:broken":{"minecraft:stone_pickaxe":1,"minecraft:stone_sword":1,"minecraft:iron_pickaxe":3,"minecraft:iron_helmet":1},"minecraft:custom":{"minecraft:interact_with_crafting_table":83,"minecraft:open_barrel":10,"minecraft:leave_game":7,"minecraft:time_since_death":89524,"minecraft:sprint_one_cm":547652,"minecraft:drop":71,"minecraft:talked_to_villager":5,"minecraft:play_time":460549,"minecraft:deaths":10,"minecraft:jump":6914,"minecraft:walk_on_water_one_cm":130369,"minecraft:interact_with_furnace":54,"minecraft:sleep_in_bed":8,"minecraft:damage_dealt":10361,"minecraft:player_kills":1,"minecraft:crouch_one_cm":43058,"tombstone:undead_killed":11,"minecraft:horse_one_cm":2495,"minecraft:mob_kills":71,"minecraft:climb_one_cm":6229,"minecraft:walk_one_cm":1008154,"minecraft:sneak_time":12705,"minecraft:walk_under_water_one_cm":67665,"minecraft:boat_one_cm":20,"minecraft:total_world_time":460549,"tombstone:raider_killed":1,"minecraft:time_since_rest":509,"minecraft:damage_taken":8842,"minecraft:swim_one_cm":128191,"minecraft:fly_one_cm":1186936,"minecraft:open_chest":92,"minecraft:fall_one_cm":197626},"minecraft:used":{"minecraft:iron_shovel":341,"minecraft:chest":6,"minecraft:iron_sword":182,"pizzacraft:corn":1,"minecraft:carrot":1,"minecraft:sweet_berries":13,"minecraft:furnace":7,"minecraft:cooked_cod":2,"pizzacraft:pizza":1,"pizzacraft:raw_pizza":1,"minecraft:stone_pickaxe":148,"minecraft:oak_planks":24,"minecraft:wooden_pickaxe":11,"minecraft:sandstone":64,"biomesoplenty:fir_planks":21,"biomesoplenty:fir_boat":2,"naturalist:duck_egg":3,"minecraft:white_wool":1,"minecraft:sand":1,"pizzacraft:pizza_slice":3,"minecraft:melon_slice":4,"minecraft:bread":101,"tombstone:grave_key":2,"minecraft:gravel":2,"biomesoplenty:glowing_moss_carpet":1,"ecologics:coconut_slice":4,"projectvibrantjourneys:small_cactus":1,"minecraft:oak_boat":1,"minecraft:trident":4,"minecraft:stone_sword":139,"minecraft:stone_shovel":12,"biomesoplenty:glowing_moss_block":1,"minecraft:cooked_salmon":2,"minecraft:torch":249,"minecraft:dirt":278,"minecraft:iron_hoe":319,"minecraft:wooden_axe":12,"immersive_weathering:enchanted_golden_moss_clump":1,"tombstone:gift":4,"minecraft:cooked_beef":6,"minecraft:wheat_seeds":158,"minecraft:cooked_mutton":3,"minecraft:water_bucket":21,"minecraft:birch_boat":1,"immersive_weathering:sandy_dirt":5,"pizzacraft:pepper_seeds":2,"minecraft:crafting_table":16,"minecraft:apple":7,"minecraft:iron_pickaxe":823,"minecraft:stone_axe":61,"minecraft:fishing_rod":3,"minecraft:cobblestone":455,"minecraft:purple_bed":2,"minecraft:cooked_porkchop":5,"minecraft:bucket":21},"minecraft:killed":{"minecraft:witch":1,"minecraft:spider":3,"minecraft:skeleton":6,"minecraft:chicken":5,"minecraft:parrot":1,"minecraft:pig":4,"minecraft:sheep":5,"minecraft:trader_llama":2,"minecraft:goat":2,"minecraft:zombie":22,"minecraft:cow":13,"naturalist:tortoise":2,"naturalist:sparrow":2,"minecraft:enderman":2},"minecraft:mined":{"minecraft:spruce_planks":1,"minecraft:farmland":1,"minecraft:mossy_stone_brick_slab":1,"pizzacraft:peppers":2,"minecraft:grass_block":160,"biomesoplenty:cattail":1,"minecraft:spawner":2,"minecraft:tall_seagrass":4,"immersive_weathering:biomesoplenty/fir_leaf_pile":1,"minecraft:iron_ore":113,"immersive_weathering:mossy_stone":5,"minecraft:sculk_shrieker":1,"biomesoplenty:glowshroom_block":2,"bushierflowers:grown_poppy":1,"biomesoplenty:willow_leaves":2,"projectvibrantjourneys:cattail":20,"projectvibrantjourneys:sea_oats":2,"minecraft:cyan_terracotta":2,"minecraft:kelp_plant":2,"biomesoplenty:glowworm_silk":3,"minecraft:crimson_nylium":2,"immersive_weathering:spruce_leaf_pile":2,"minecraft:torch":5,"minecraft:light_gray_terracotta":1,"projectvibrantjourneys:twigs":1,"immersive_weathering:sandy_dirt":3,"minecraft:melon":1,"minecraft:cobblestone":35,"projectvibrantjourneys:fallen_leaves":2,"minecraft:wall_torch":9,"minecraft:seagrass":2,"farmersdelight:sandy_shrub":1,"biomesoplenty:magic_leaves":5,"minecraft:wheat":49,"biomesoplenty:fir_log":1,"minecraft:stone_brick_stairs":1,"minecraft:grass":241,"projectvibrantjourneys:short_grass":58,"minecraft:dirt":87,"minecraft:sand":35,"minecraft:oak_leaves":3,"biomesoplenty:reed":1,"biomesoplenty:glowing_moss_block":2,"biomesoplenty:watergrass":91,"immersive_weathering:grassy_permafrost":2,"farmersdelight:wild_carrots":1,"biomesoplenty:desert_grass":4,"projectvibrantjourneys:rocks":1,"minecraft:purple_terracotta":1,"minecraft:jungle_planks":1,"minecraft:crimson_roots":1,"minecraft:spruce_leaves":7,"minecraft:sandstone":78,"biomesoplenty:dune_grass":1,"minecraft:hay_block":7,"minecraft:furnace":2,"projectvibrantjourneys:orange_bark_mushroom":1,"minecraft:andesite":5,"treechop:chopped_log":7,"minecraft:gold_block":2,"immersive_weathering:grassy_sandy_dirt":2,"minecraft:stone":568,"minecraft:white_wool":1,"minecraft:stone_brick_slab":1,"minecraft:crafting_table":3,"projectvibrantjourneys:small_cactus":1,"minecraft:emerald_ore":4,"pizzacraft:raw_pizza":1,"minecraft:sculk_sensor":1,"minecraft:stone_slab":1,"minecraft:copper_ore":4,"minecraft:tall_grass":51,"biomesoplenty:sprout":2,"biomesoplenty:huge_clover_petal":2,"minecraft:lily_pad":2,"minecraft:sculk":8,"supplementaries:urn":2,"minecraft:purple_bed":1,"minecraft:sweet_berry_bush":1,"projectvibrantjourneys:sandy_sprouts":1,"minecraft:coal_ore":116,"minecraft:gravel":38,"minecraft:fern":7}},"DataVersion":3465}