{"stats":{"minecraft:used":{"minecraft:wooden_axe":12,"minecraft:stone_pickaxe":11,"minecraft:wooden_pickaxe":11,"minecraft:crafting_table":1},"minecraft:crafted":{"minecraft:crafting_table":1,"minecraft:spruce_planks":16,"minecraft:stick":8,"minecraft:wooden_pickaxe":1,"minecraft:stone_pickaxe":1,"minecraft:wooden_axe":1},"minecraft:picked_up":{"projectvibrantjourneys:light_brown_bark_mushroom":1,"minecraft:stick":5,"minecraft:crafting_table":2,"minecraft:spruce_sapling":4,"minecraft:spruce_log":17,"immersive_weathering:permafrost":1,"minecraft:dirt":36,"minecraft:bone":1,"minecraft:rotten_flesh":2,"biomesoplenty:cattail":1,"minecraft:wheat_seeds":3,"minecraft:spruce_planks":3,"minecraft:stone_pickaxe":1,"projectvibrantjourneys:cattail":1,"projectvibrantjourneys:orange_bark_mushroom":1,"minecraft:coal":7,"minecraft:cobblestone":6},"minecraft:custom":{"minecraft:time_since_rest":2503,"minecraft:sprint_one_cm":19058,"minecraft:damage_taken":555,"minecraft:walk_one_cm":18987,"minecraft:damage_dealt":10,"minecraft:interact_with_crafting_table":3,"minecraft:fly_one_cm":25901,"minecraft:crouch_one_cm":286,"minecraft:play_time":11248,"minecraft:deaths":2,"minecraft:sneak_time":226,"minecraft:walk_under_water_one_cm":1240,"minecraft:jump":164,"minecraft:walk_on_water_one_cm":2898,"minecraft:time_since_death":2412,"minecraft:climb_one_cm":5397,"minecraft:total_world_time":11248,"minecraft:fall_one_cm":5443},"minecraft:mined":{"projectvibrantjourneys:cattail":1,"immersive_weathering:biomesoplenty/fir_leaf_pile":1,"immersive_weathering:grassy_permafrost":2,"immersive_weathering:spruce_leaf_pile":2,"projectvibrantjourneys:orange_bark_mushroom":1,"treechop:chopped_log":1,"minecraft:crafting_table":1,"minecraft:grass_block":2,"minecraft:coal_ore":8,"projectvibrantjourneys:short_grass":1,"biomesoplenty:cattail":1,"minecraft:stone":6,"minecraft:fern":4,"biomesoplenty:willow_leaves":2},"minecraft:killed_by":{"minecraft:skeleton":1}},"DataVersion":3465}