{"stats":{"minecraft:mined":{"minecraft:dark_oak_planks":7,"securitycraft:mine":5,"minecraft:spruce_planks":5,"minecraft:white_bed":2,"minecraft:oak_sapling":1,"minecraft:grass_block":7,"minecraft:spawner":4,"immersive_weathering:biomesoplenty/fir_leaf_pile":1,"minecraft:carrots":2,"minecraft:fire":86,"treechop:chopped_log":12,"minecraft:gold_block":8,"minecraft:dark_oak_stairs":2,"minecraft:potatoes":1,"minecraft:spruce_wood":1,"projectvibrantjourneys:seashells":1,"minecraft:stone":28,"minecraft:spruce_slab":2,"minecraft:green_bed":5,"minecraft:crafting_table":3,"projectvibrantjourneys:twigs":2,"biomesoplenty:fir_planks":2,"minecraft:melon":4,"minecraft:chest":1,"projectvibrantjourneys:natural_cobweb":1,"minecraft:tall_grass":6,"minecraft:birch_planks":3,"minecraft:wheat":75,"biomesoplenty:fir_log":6,"minecraft:grass":12,"projectvibrantjourneys:short_grass":10,"minecraft:dirt":26,"minecraft:lodestone":1,"minecraft:acacia_planks":1,"projectvibrantjourneys:oak_hollow_log":1,"minecraft:fern":1},"minecraft:killed":{"minecraft:vindicator":3,"minecraft:spider":2,"naturalist:snail":1,"minecraft:skeleton":14,"minecraft:husk":1,"minecraft:pig":2,"minecraft:sheep":3,"minecraft:pillager":2,"minecraft:zombie":18,"minecraft:villager":1,"minecraft:cow":4},"minecraft:killed_by":{"minecraft:creeper":1,"minecraft:pillager":5,"minecraft:vindicator":7,"minecraft:skeleton":3,"minecraft:zombie":3},"minecraft:crafted":{"securitycraft:mine":6,"minecraft:oak_planks":28,"minecraft:furnace":2,"minecraft:cooked_mutton":2,"minecraft:diamond_leggings":1,"minecraft:chest":3,"minecraft:dark_oak_planks":16,"minecraft:diamond_sword":3,"minecraft:cooked_porkchop":4,"minecraft:diamond_axe":1,"minecraft:crafting_table":6,"minecraft:spruce_planks":4,"minecraft:wooden_pickaxe":1,"minecraft:bread":21,"minecraft:air":0,"biomesoplenty:fir_planks":312,"minecraft:charcoal":10,"minecraft:golden_apple":7,"minecraft:diamond_pickaxe":1,"minecraft:shield":1,"minecraft:stick":8,"minecraft:wooden_axe":2,"minecraft:gold_ingot":72,"minecraft:white_bed":1,"minecraft:diamond_chestplate":1},"minecraft:used":{"minecraft:flint_and_steel":45,"immersive_weathering:charred_planks":1,"minecraft:spruce_planks":6,"minecraft:chest":3,"minecraft:shield":3,"minecraft:rotten_flesh":2,"minecraft:dirt":58,"minecraft:obsidian":2,"minecraft:wooden_axe":38,"minecraft:dark_oak_planks":27,"minecraft:lantern":1,"minecraft:diamond_chestplate":3,"minecraft:bow":20,"securitycraft:dirt_mine":1,"minecraft:furnace":2,"minecraft:cooked_beef":6,"minecraft:acacia_planks":2,"minecraft:cooked_mutton":3,"supplementaries:sign_post_oak":1,"minecraft:birch_planks":1,"minecraft:wooden_pickaxe":9,"biomesoplenty:fir_planks":46,"minecraft:diamond_axe":126,"minecraft:green_bed":2,"minecraft:crafting_table":8,"minecraft:white_bed":3,"minecraft:diamond_pickaxe":46,"minecraft:bread":32,"minecraft:melon_slice":19,"minecraft:iron_pickaxe":1,"securitycraft:mine":17,"ecologics:coconut_slice":1,"minecraft:diamond_sword":300,"biomesoplenty:fir_log":20},"minecraft:dropped":{"minecraft:bread":9,"minecraft:wheat_seeds":68,"minecraft:cooked_beef":1,"minecraft:oak_log":98,"minecraft:diamond":11,"minecraft:leather":5,"minecraft:golden_apple":3,"minecraft:oxeye_daisy":2,"minecraft:dirt":3,"minecraft:stone_button":1,"immersive_weathering:spruce_bark":1,"minecraft:polished_blackstone_brick_slab":1,"minecraft:white_banner":8,"minecraft:polished_blackstone_bricks":1,"minecraft:string":5,"minecraft:dandelion":1,"minecraft:golden_chestplate":1,"minecraft:rotten_flesh":6,"projectvibrantjourneys:light_brown_bark_mushroom":1,"biomesoplenty:fir_planks":64,"minecraft:iron_chestplate":1,"minecraft:stone_bricks":1,"minecraft:spruce_slab":2,"minecraft:bow":1},"minecraft:custom":{"minecraft:mob_kills":54,"minecraft:interact_with_crafting_table":27,"minecraft:open_barrel":32,"minecraft:damage_dealt_resisted":315,"minecraft:leave_game":1,"minecraft:time_since_death":5415,"minecraft:climb_one_cm":22667,"minecraft:sprint_one_cm":430235,"minecraft:walk_one_cm":496785,"minecraft:damage_blocked_by_shield":330,"minecraft:drop":41,"minecraft:play_time":163409,"minecraft:deaths":21,"minecraft:sneak_time":1929,"minecraft:walk_under_water_one_cm":12039,"minecraft:jump":3065,"minecraft:walk_on_water_one_cm":30812,"minecraft:total_world_time":163409,"minecraft:interact_with_furnace":22,"minecraft:sleep_in_bed":6,"minecraft:time_since_rest":5442,"minecraft:damage_taken":9089,"minecraft:damage_dealt":8125,"minecraft:swim_one_cm":71730,"minecraft:fly_one_cm":506688,"minecraft:player_kills":2,"minecraft:open_chest":81,"minecraft:crouch_one_cm":4522,"minecraft:fall_one_cm":83306},"minecraft:picked_up":{"minecraft:wooden_axe":6,"minecraft:allium":2,"minecraft:crafting_table":3,"minecraft:iron_chestplate":3,"minecraft:wheat":63,"minecraft:chicken":1,"minecraft:lead":1,"minecraft:diamond_sword":5,"minecraft:wooden_pickaxe":2,"minecraft:gold_block":8,"minecraft:enchanted_book":2,"minecraft:shield":6,"minecraft:string":6,"minecraft:flint_and_steel":5,"minecraft:item_frame":1,"minecraft:gold_nugget":16,"minecraft:bucket":1,"biomesoplenty:fir_planks":125,"minecraft:spruce_planks":8,"minecraft:iron_pickaxe":1,"minecraft:spruce_slab":2,"minecraft:melon_slice":155,"minecraft:birch_sapling":2,"minecraft:spruce_trapdoor":2,"minecraft:iron_boots":1,"minecraft:polished_blackstone_brick_slab":1,"minecraft:stick":135,"ecologics:coconut_slice":1,"projectvibrantjourneys:bark_mushroom":6,"minecraft:green_bed":18,"hangglider:glider_framework":2,"minecraft:porkchop":11,"minecraft:polished_blackstone_bricks":1,"minecraft:stone_button":1,"minecraft:golden_chestplate":1,"minecraft:dark_oak_planks":49,"immersive_weathering:oak_bark":1,"supplementaries:sign_post_oak":1,"minecraft:arrow":30,"minecraft:diamond_chestplate":5,"minecraft:rotten_flesh":36,"farmersdelight:onion":5,"minecraft:diamond_boots":1,"minecraft:stripped_dark_oak_wood":1,"supplementaries:ash":56,"minecraft:mutton":2,"minecraft:skeleton_skull":9,"minecraft:white_wool":3,"minecraft:cobblestone":28,"minecraft:oxeye_daisy":2,"minecraft:stripped_oak_log":1,"minecraft:birch_log":7,"minecraft:cooked_beef":9,"minecraft:tripwire_hook":3,"immersive_weathering:spruce_bark":1,"minecraft:leather":8,"minecraft:red_mushroom":1,"minecraft:potato":1,"minecraft:birch_planks":9,"biomesoplenty:fir_sapling":17,"biomesoplenty:fir_log":162,"minecraft:flint":12,"minecraft:oak_log":132,"minecraft:gunpowder":126,"immersive_weathering:charred_planks":1,"minecraft:dirt":143,"minecraft:lantern":1,"minecraft:white_banner":8,"minecraft:name_tag":1,"minecraft:cooked_mutton":5,"minecraft:bone":30,"minecraft:acacia_planks":3,"minecraft:apple":7,"minecraft:stone_bricks":1,"minecraft:bow":6,"minecraft:wheat_seeds":138,"minecraft:spruce_wood":1,"minecraft:iron_ingot":42,"minecraft:iron_ore":11,"minecraft:diamond_helmet":6,"minecraft:iron_sword":2,"immersive_weathering:tallow":13,"minecraft:dark_oak_stairs":4,"projectvibrantjourneys:light_brown_bark_mushroom":9,"securitycraft:mine":11,"minecraft:dark_oak_slab":2,"minecraft:cooked_porkchop":8,"securitycraft:dirt_mine":12,"minecraft:dandelion":1,"immersive_weathering:charred_stairs":2,"ecologics:coconut_husk":1,"minecraft:spruce_sapling":2,"minecraft:white_bed":3,"minecraft:spruce_log":1,"immersive_weathering:charred_slab":2,"minecraft:slime_ball":1,"minecraft:diamond":167,"minecraft:iron_helmet":3,"minecraft:diamond_axe":3,"minecraft:emerald":154,"minecraft:bread":52,"minecraft:baked_potato":13,"projectvibrantjourneys:orange_bark_mushroom":8,"minecraft:oak_sapling":31}},"DataVersion":3465}