{"stats":{"minecraft:mined":{"minecraft:dark_oak_planks":7,"minecraft:spruce_planks":5,"minecraft:crafting_table":1,"projectvibrantjourneys:twigs":2,"minecraft:spawner":3,"minecraft:birch_planks":2,"minecraft:fire":2,"treechop:chopped_log":2,"minecraft:dark_oak_stairs":2,"minecraft:dirt":12,"projectvibrantjourneys:seashells":1,"minecraft:green_bed":4},"minecraft:killed":{"minecraft:vindicator":2,"minecraft:zombie":1},"minecraft:killed_by":{"minecraft:vindicator":6,"minecraft:zombie":3,"minecraft:pillager":1},"minecraft:crafted":{"minecraft:oak_planks":28,"minecraft:diamond_sword":1,"minecraft:crafting_table":1,"minecraft:wooden_pickaxe":1,"minecraft:stick":4,"minecraft:wooden_axe":2,"minecraft:dark_oak_planks":16},"minecraft:used":{"minecraft:flint_and_steel":2,"minecraft:birch_planks":1,"minecraft:spruce_planks":6,"minecraft:wooden_pickaxe":9,"minecraft:green_bed":1,"minecraft:dirt":12,"minecraft:crafting_table":2,"minecraft:dark_oak_planks":27,"minecraft:wooden_axe":32,"minecraft:iron_pickaxe":1,"ecologics:coconut_slice":1,"minecraft:diamond_sword":23},"minecraft:custom":{"minecraft:mob_kills":5,"minecraft:interact_with_crafting_table":5,"minecraft:open_barrel":17,"minecraft:leave_game":1,"minecraft:time_since_death":163,"minecraft:sleep_in_bed":1,"minecraft:climb_one_cm":3802,"minecraft:time_since_rest":196,"minecraft:sprint_one_cm":89780,"minecraft:damage_taken":3213,"minecraft:walk_one_cm":95334,"minecraft:damage_dealt":798,"minecraft:swim_one_cm":38049,"minecraft:fly_one_cm":99128,"minecraft:open_chest":25,"minecraft:crouch_one_cm":489,"minecraft:play_time":37409,"minecraft:deaths":10,"minecraft:sneak_time":564,"minecraft:walk_under_water_one_cm":6975,"minecraft:jump":509,"minecraft:walk_on_water_one_cm":16932,"minecraft:total_world_time":37409,"minecraft:fall_one_cm":14105},"minecraft:picked_up":{"minecraft:wooden_axe":2,"minecraft:crafting_table":1,"minecraft:tripwire_hook":3,"minecraft:leather":1,"minecraft:wooden_pickaxe":2,"minecraft:diamond_sword":2,"minecraft:birch_planks":6,"minecraft:flint":12,"minecraft:oak_log":21,"minecraft:shield":3,"minecraft:gunpowder":42,"minecraft:dirt":13,"minecraft:flint_and_steel":1,"minecraft:acacia_planks":1,"minecraft:gold_nugget":8,"minecraft:spruce_planks":8,"minecraft:iron_ingot":10,"minecraft:iron_pickaxe":1,"minecraft:diamond_helmet":4,"minecraft:iron_sword":2,"immersive_weathering:tallow":9,"minecraft:dark_oak_stairs":4,"minecraft:stick":18,"minecraft:dark_oak_slab":2,"ecologics:coconut_slice":1,"projectvibrantjourneys:bark_mushroom":1,"minecraft:green_bed":11,"minecraft:porkchop":7,"ecologics:coconut_husk":1,"minecraft:spruce_sapling":2,"minecraft:dark_oak_planks":49,"minecraft:rotten_flesh":5,"minecraft:arrow":1,"minecraft:diamond_chestplate":1,"minecraft:diamond":44,"minecraft:diamond_boots":1,"minecraft:stripped_dark_oak_wood":1,"minecraft:emerald":41,"supplementaries:ash":1,"minecraft:oak_sapling":2,"minecraft:skeleton_skull":2}},"DataVersion":3465}