{"stats":{"minecraft:mined":{"projectvibrantjourneys:twigs":2,"minecraft:dirt":9,"treechop:chopped_log":2,"minecraft:crafting_table":1},"minecraft:killed_by":{"minecraft:zombie":2},"minecraft:crafted":{"minecraft:oak_planks":28,"minecraft:crafting_table":1,"minecraft:wooden_axe":1},"minecraft:used":{"minecraft:wooden_axe":8,"minecraft:dirt":9,"minecraft:crafting_table":1},"minecraft:custom":{"minecraft:time_since_rest":2798,"minecraft:open_chest":1,"minecraft:play_time":13409,"minecraft:sprint_one_cm":52627,"minecraft:deaths":2,"minecraft:damage_taken":595,"minecraft:walk_one_cm":19834,"minecraft:walk_under_water_one_cm":446,"minecraft:jump":354,"minecraft:leave_game":1,"minecraft:walk_on_water_one_cm":338,"minecraft:time_since_death":2751,"minecraft:climb_one_cm":647,"minecraft:total_world_time":13409,"minecraft:swim_one_cm":2843,"minecraft:interact_with_crafting_table":1,"minecraft:fall_one_cm":11421,"minecraft:fly_one_cm":80477},"minecraft:picked_up":{"minecraft:stick":10,"minecraft:crafting_table":1,"minecraft:rotten_flesh":4,"projectvibrantjourneys:bark_mushroom":1,"minecraft:oak_log":21,"supplementaries:ash":1,"minecraft:oak_sapling":2,"minecraft:dirt":9}},"DataVersion":3465}