{"stats":{"minecraft:mined":{"minecraft:dark_oak_planks":7,"minecraft:spruce_planks":1,"treechop:chopped_log":2,"minecraft:crafting_table":1,"minecraft:dark_oak_stairs":2,"projectvibrantjourneys:twigs":2,"minecraft:dirt":11,"projectvibrantjourneys:seashells":1,"minecraft:green_bed":2,"minecraft:spawner":2},"minecraft:killed":{"minecraft:zombie":1},"minecraft:killed_by":{"minecraft:vindicator":1,"minecraft:zombie":3},"minecraft:crafted":{"minecraft:oak_planks":28,"minecraft:diamond_sword":1,"minecraft:crafting_table":1,"minecraft:stick":4,"minecraft:wooden_pickaxe":1,"minecraft:wooden_axe":2,"minecraft:dark_oak_planks":16},"minecraft:used":{"minecraft:wooden_axe":16,"minecraft:dark_oak_planks":7,"minecraft:wooden_pickaxe":9,"ecologics:coconut_slice":1,"minecraft:diamond_sword":22,"minecraft:dirt":11,"minecraft:crafting_table":2},"minecraft:custom":{"minecraft:time_since_rest":7610,"minecraft:sprint_one_cm":64334,"minecraft:damage_taken":1378,"minecraft:walk_one_cm":50773,"minecraft:mob_kills":1,"minecraft:damage_dealt":300,"minecraft:open_barrel":5,"minecraft:interact_with_crafting_table":5,"minecraft:swim_one_cm":38049,"minecraft:fly_one_cm":92729,"minecraft:open_chest":6,"minecraft:crouch_one_cm":27,"minecraft:play_time":25409,"minecraft:deaths":4,"minecraft:sneak_time":354,"minecraft:walk_under_water_one_cm":6006,"minecraft:jump":429,"minecraft:leave_game":1,"minecraft:time_since_death":7581,"minecraft:walk_on_water_one_cm":15061,"minecraft:total_world_time":25409,"minecraft:climb_one_cm":3802,"minecraft:fall_one_cm":14105},"minecraft:picked_up":{"minecraft:stick":10,"minecraft:crafting_table":1,"minecraft:tripwire_hook":1,"ecologics:coconut_slice":1,"minecraft:leather":1,"projectvibrantjourneys:bark_mushroom":1,"minecraft:green_bed":2,"minecraft:wooden_pickaxe":1,"minecraft:birch_planks":2,"minecraft:porkchop":7,"minecraft:oak_log":21,"minecraft:shield":1,"minecraft:dirt":11,"minecraft:dark_oak_planks":11,"minecraft:arrow":1,"minecraft:rotten_flesh":4,"minecraft:spruce_planks":1,"minecraft:diamond_helmet":1,"supplementaries:ash":1,"minecraft:oak_sapling":2,"immersive_weathering:tallow":9,"minecraft:dark_oak_stairs":3}},"DataVersion":3465}