{"stats":{"minecraft:killed_by":{"minecraft:creeper":1,"minecraft:pillager":5,"minecraft:vindicator":8,"minecraft:zombie":5,"minecraft:stray":2,"minecraft:skeleton":4},"minecraft:custom":{"minecraft:interact_with_crafting_table":64,"minecraft:open_barrel":95,"minecraft:leave_game":7,"minecraft:time_since_death":22231,"minecraft:damage_resisted":330,"minecraft:sprint_one_cm":1027173,"minecraft:damage_blocked_by_shield":1137,"minecraft:drop":110,"minecraft:play_noteblock":1,"minecraft:talked_to_villager":9,"minecraft:play_time":478468,"minecraft:deaths":33,"minecraft:jump":8150,"minecraft:interact_with_brewingstand":1,"minecraft:walk_on_water_one_cm":121841,"minecraft:interact_with_furnace":61,"minecraft:sleep_in_bed":9,"minecraft:damage_dealt":34068,"minecraft:player_kills":2,"minecraft:crouch_one_cm":22958,"tombstone:undead_killed":48,"tombstone:villager_killed":4,"minecraft:inspect_dispenser":2,"minecraft:mob_kills":194,"minecraft:damage_dealt_resisted":1591,"minecraft:climb_one_cm":49196,"minecraft:walk_one_cm":1279664,"minecraft:sneak_time":11875,"minecraft:walk_under_water_one_cm":120892,"minecraft:total_world_time":478468,"tombstone:raider_killed":37,"minecraft:time_since_rest":21189,"minecraft:damage_taken":19524,"minecraft:damage_absorbed":40,"minecraft:fly_one_cm":1793288,"minecraft:swim_one_cm":324581,"minecraft:open_chest":184,"minecraft:fall_one_cm":224701},"minecraft:killed":{"minecraft:spider":6,"naturalist:snail":1,"minecraft:skeleton":37,"minecraft:illusioner":1,"minecraft:pig":10,"minecraft:creeper":3,"minecraft:sheep":10,"minecraft:pillager":17,"minecraft:zombie":39,"minecraft:cow":16,"minecraft:vindicator":21,"naturalist:duck":1,"minecraft:phantom":3,"minecraft:drowned":8,"minecraft:husk":1,"minecraft:wandering_trader":1,"minecraft:villager":4},"minecraft:used":{"pizzacraft:dough":1,"minecraft:ladder":3,"minecraft:chest":3,"minecraft:shield":13,"minecraft:iron_sword":506,"minecraft:rotten_flesh":4,"minecraft:jungle_planks":10,"minecraft:allium":1,"minecraft:obsidian":2,"minecraft:lantern":1,"minecraft:red_carpet":1,"minecraft:brown_carpet":1,"minecraft:bow":21,"minecraft:hay_block":1,"minecraft:furnace":4,"pizzacraft:raw_pizza":3,"supplementaries:sign_post_oak":1,"minecraft:oak_planks":65,"minecraft:wooden_pickaxe":37,"minecraft:leather_chestplate":1,"minecraft:sandstone":9,"biomesoplenty:fir_planks":136,"minecraft:chainmail_helmet":1,"minecraft:diamond_axe":140,"minecraft:golden_apple":1,"minecraft:sand":2,"pizzacraft:pizza_slice":3,"minecraft:purple_terracotta":3,"minecraft:bread":93,"minecraft:stone_button":1,"minecraft:melon_slice":47,"wardrobe:backpack":1,"minecraft:gravel":10,"securitycraft:mine":17,"ecologics:coconut_slice":1,"minecraft:diamond_sword":466,"minecraft:wooden_sword":8,"minecraft:experience_bottle":2,"minecraft:flint_and_steel":76,"immersive_weathering:charred_planks":1,"minecraft:spruce_planks":65,"minecraft:cooked_chicken":1,"minecraft:dirt":79,"farmersdelight:flint_knife":1,"minecraft:diamond_helmet":1,"minecraft:wooden_axe":38,"minecraft:dark_oak_planks":42,"minecraft:iron_axe":313,"minecraft:iron_boots":1,"minecraft:crimson_planks":15,"minecraft:barrel":2,"minecraft:diamond_chestplate":3,"securitycraft:dirt_mine":4,"tombstone:gift":1,"minecraft:cooked_beef":29,"minecraft:acacia_planks":2,"minecraft:iron_leggings":1,"minecraft:cooked_mutton":14,"minecraft:water_bucket":16,"minecraft:birch_planks":1,"minecraft:green_bed":2,"minecraft:tnt":4,"minecraft:crafting_table":16,"minecraft:white_bed":6,"minecraft:diamond_pickaxe":46,"minecraft:apple":4,"minecraft:iron_pickaxe":112,"minecraft:map":1,"minecraft:cobblestone":103,"minecraft:cooked_porkchop":9,"minecraft:bucket":16,"biomesoplenty:fir_log":20,"minecraft:splash_potion":1,"minecraft:dandelion":1},"minecraft:crafted":{"minecraft:oak_planks":96,"securitycraft:mine":6,"minecraft:cooked_chicken":1,"minecraft:cooked_mutton":12,"minecraft:diamond_leggings":1,"minecraft:chest":3,"pizzacraft:chef_hat":1,"minecraft:cooked_porkchop":13,"minecraft:diamond_axe":1,"minecraft:crafting_table":12,"minecraft:spruce_planks":4,"minecraft:wooden_pickaxe":3,"biomesoplenty:fir_planks":380,"minecraft:diamond_pickaxe":1,"minecraft:charcoal":10,"minecraft:shield":2,"minecraft:stick":16,"minecraft:iron_ingot":6,"minecraft:iron_pickaxe":1,"minecraft:gold_ingot":72,"wardrobe:backpack":1,"minecraft:wooden_sword":1,"minecraft:furnace":3,"minecraft:iron_axe":2,"minecraft:dark_oak_planks":24,"minecraft:wheat":153,"minecraft:cooked_beef":25,"minecraft:diamond_sword":3,"minecraft:iron_sword":1,"minecraft:bucket":1,"minecraft:bread":107,"minecraft:air":0,"minecraft:jungle_planks":24,"minecraft:golden_apple":7,"minecraft:wooden_axe":2,"minecraft:white_bed":2,"minecraft:diamond_chestplate":1},"minecraft:picked_up":{"minecraft:wooden_axe":6,"minecraft:iron_chestplate":4,"pizzacraft:rolling_pin":1,"minecraft:wheat":201,"minecraft:lead":3,"minecraft:diamond_sword":5,"minecraft:enchanted_book":2,"tombstone:grave_key":1,"minecraft:crimson_planks":15,"minecraft:string":9,"minecraft:dark_oak_trapdoor":9,"minecraft:iron_leggings":1,"minecraft:purple_banner":1,"minecraft:experience_bottle":3,"minecraft:gold_nugget":28,"minecraft:bucket":1,"bosses_of_mass_destruction:soul_star":1,"biomesoplenty:fir_planks":130,"minecraft:spruce_planks":87,"minecraft:iron_pickaxe":1,"hangglider:hang_glider":2,"minecraft:melon_slice":180,"minecraft:iron_boots":2,"minecraft:furnace":1,"pizzacraft:raw_pizza":3,"minecraft:spruce_pressure_plate":3,"minecraft:polished_blackstone_brick_slab":1,"minecraft:stick":149,"minecraft:big_dripleaf":1,"minecraft:green_bed":18,"minecraft:spruce_stairs":7,"hangglider:glider_framework":2,"minecraft:porkchop":16,"tombstone:grave_dust":2,"minecraft:golden_chestplate":1,"minecraft:brown_carpet":2,"immersive_weathering:oak_bark":2,"minecraft:stone_sword":1,"minecraft:rotten_flesh":59,"wardrobe:backpack":1,"farmersdelight:onion":5,"pizzacraft:pizza_slice":4,"projectvibrantjourneys:cattail":1,"supplementaries:ash":67,"minecraft:iron_bars":4,"minecraft:cobblestone":143,"minecraft:birch_log":7,"minecraft:cooked_beef":24,"minecraft:feather":2,"minecraft:lilac":4,"minecraft:iron_door":1,"minecraft:jungle_log":7,"minecraft:potato":1,"biomesoplenty:fir_sapling":18,"biomesoplenty:fir_log":179,"minecraft:flint":13,"supplementaries:flax_seeds":2,"naturalist:lizard_tail":3,"minecraft:gray_concrete":1,"minecraft:dirt":168,"minecraft:lantern":2,"minecraft:name_tag":1,"minecraft:bone":44,"minecraft:acacia_planks":3,"minecraft:bow":7,"minecraft:wheat_seeds":503,"minecraft:mossy_stone_bricks":3,"minecraft:diamond_helmet":7,"pizzacraft:tomato_sauce":3,"minecraft:oak_planks":19,"immersive_weathering:tallow":17,"securitycraft:mine":11,"minecraft:cooked_porkchop":17,"securitycraft:dirt_mine":12,"minecraft:jungle_planks":10,"ecologics:coconut_husk":1,"minecraft:chiseled_sandstone":1,"minecraft:jungle_slab":1,"minecraft:dark_oak_log":2,"minecraft:bundle":1,"minecraft:diamond":170,"minecraft:bread":52,"minecraft:emerald":178,"pizzacraft:iron_knife":1,"minecraft:oak_sapling":41,"minecraft:crafting_table":5,"minecraft:allium":2,"minecraft:chicken":2,"minecraft:ladder":5,"minecraft:leather_leggings":1,"minecraft:wooden_pickaxe":2,"minecraft:gold_block":8,"minecraft:shield":7,"minecraft:flint_and_steel":5,"minecraft:item_frame":1,"minecraft:beef":19,"minecraft:spruce_slab":9,"minecraft:chest":2,"minecraft:birch_sapling":2,"minecraft:spruce_trapdoor":2,"minecraft:phantom_membrane":1,"minecraft:sandstone":9,"minecraft:raw_gold_block":2,"ecologics:coconut_slice":1,"projectvibrantjourneys:bark_mushroom":7,"minecraft:note_block":1,"minecraft:polished_blackstone_bricks":1,"minecraft:stone_button":2,"minecraft:stone_pressure_plate":1,"minecraft:purple_terracotta":4,"minecraft:dark_oak_planks":60,"supplementaries:sign_post_oak":1,"minecraft:arrow":64,"pizzacraft:dough":1,"minecraft:diamond_chestplate":5,"minecraft:jungle_stairs":1,"minecraft:diamond_boots":1,"minecraft:hay_block":20,"minecraft:stripped_dark_oak_wood":1,"minecraft:gold_ingot":9,"minecraft:glow_berries":1,"minecraft:mutton":18,"minecraft:skeleton_skull":10,"minecraft:white_wool":9,"minecraft:oxeye_daisy":2,"minecraft:stripped_oak_log":1,"minecraft:tripwire_hook":3,"immersive_weathering:spruce_bark":1,"minecraft:leather":23,"minecraft:cut_sandstone":1,"minecraft:red_mushroom":1,"minecraft:birch_planks":9,"minecraft:oak_log":161,"minecraft:gunpowder":126,"immersive_weathering:charred_planks":1,"pizzacraft:broccoli_seeds":3,"minecraft:white_banner":8,"minecraft:cooked_mutton":5,"minecraft:red_carpet":1,"minecraft:gray_carpet":15,"minecraft:apple":11,"minecraft:stone_bricks":1,"minecraft:kelp":1,"minecraft:spruce_wood":1,"minecraft:iron_ingot":73,"minecraft:iron_ore":11,"minecraft:iron_sword":5,"minecraft:dark_oak_stairs":17,"projectvibrantjourneys:light_brown_bark_mushroom":13,"minecraft:dark_oak_slab":2,"minecraft:stone_brick_slab":4,"minecraft:dandelion":2,"immersive_weathering:charred_stairs":2,"minecraft:gravel":11,"minecraft:spruce_sapling":2,"minecraft:white_bed":5,"minecraft:spruce_log":1,"immersive_weathering:charred_slab":2,"minecraft:spider_eye":1,"biomesoplenty:flowering_oak_sapling":1,"minecraft:slime_ball":1,"immersive_weathering:earthen_clay":6,"minecraft:iron_helmet":3,"minecraft:diamond_axe":3,"minecraft:cherry_sapling":2,"minecraft:baked_potato":13,"projectvibrantjourneys:orange_bark_mushroom":10,"tombstone:magic_scroll":1,"minecraft:black_wool":9,"minecraft:dark_oak_wood":1,"minecraft:coal":76},"minecraft:broken":{"minecraft:iron_boots":1,"minecraft:iron_leggings":1,"pizzacraft:chef_hat":1},"minecraft:dropped":{"naturalist:lizard_tail":3,"minecraft:iron_sword":1,"minecraft:porkchop":2,"minecraft:cooked_beef":1,"minecraft:oak_log":110,"minecraft:diamond":11,"pizzacraft:iron_knife":1,"minecraft:leather":11,"projectvibrantjourneys:orange_bark_mushroom":1,"biomesoplenty:fir_sapling":1,"minecraft:dirt":5,"minecraft:gray_concrete":1,"minecraft:stone_button":1,"minecraft:dark_oak_trapdoor":8,"immersive_weathering:spruce_bark":1,"minecraft:polished_blackstone_bricks":1,"minecraft:gravel":10,"minecraft:note_block":1,"minecraft:golden_chestplate":1,"minecraft:wheat":4,"minecraft:birch_sapling":1,"minecraft:rotten_flesh":21,"minecraft:oak_planks":3,"supplementaries:flax_seeds":2,"projectvibrantjourneys:light_brown_bark_mushroom":1,"minecraft:spruce_pressure_plate":3,"minecraft:chest":2,"minecraft:leather_leggings":1,"immersive_weathering:tallow":1,"minecraft:spruce_slab":2,"pizzacraft:broccoli_seeds":3,"minecraft:quartz":23,"minecraft:iron_ingot":5,"minecraft:bread":9,"minecraft:wheat_seeds":238,"minecraft:lilac":4,"pizzacraft:pizza_slice":1,"minecraft:spruce_stairs":5,"minecraft:golden_apple":3,"minecraft:stick":1,"minecraft:oxeye_daisy":2,"minecraft:milk_bucket":1,"tombstone:grave_key":2,"tombstone:grave_dust":1,"minecraft:polished_blackstone_brick_slab":1,"minecraft:white_banner":8,"minecraft:string":5,"minecraft:gray_carpet":15,"minecraft:stone_brick_slab":2,"minecraft:dandelion":1,"minecraft:kelp":1,"pizzacraft:rolling_pin":1,"minecraft:stone_sword":1,"minecraft:iron_boots":1,"minecraft:filled_map":1,"minecraft:big_dripleaf":1,"minecraft:hay_block":2,"biomesoplenty:fir_planks":64,"minecraft:iron_chestplate":1,"minecraft:oak_sapling":3,"minecraft:stone_bricks":1,"minecraft:brown_carpet":1,"minecraft:bow":1},"minecraft:mined":{"minecraft:dark_oak_planks":19,"securitycraft:mine":5,"minecraft:stone_pressure_plate":1,"minecraft:spruce_planks":55,"minecraft:white_bed":4,"minecraft:oak_sapling":1,"minecraft:jungle_slab":1,"minecraft:grass_block":8,"minecraft:spawner":12,"immersive_weathering:biomesoplenty/fir_leaf_pile":1,"biomesoplenty:tall_lavender":5,"minecraft:dark_oak_trapdoor":1,"minecraft:barrel":1,"minecraft:fire":102,"biomesoplenty:lavender":16,"minecraft:dark_oak_stairs":3,"minecraft:dirt_path":1,"minecraft:iron_bars":4,"minecraft:spruce_pressure_plate":3,"minecraft:spruce_wood":1,"minecraft:spruce_slab":10,"minecraft:tripwire":3,"minecraft:green_bed":5,"projectvibrantjourneys:cattail":2,"minecraft:cut_sandstone":1,"minecraft:kelp_plant":1,"minecraft:soul_fire":14,"minecraft:note_block":1,"minecraft:jungle_stairs":2,"projectvibrantjourneys:twigs":2,"minecraft:melon":9,"minecraft:chest":1,"projectvibrantjourneys:natural_cobweb":1,"minecraft:cobblestone":4,"minecraft:oak_planks":19,"minecraft:iron_door":1,"minecraft:pink_petals":1,"minecraft:repeater":1,"minecraft:wheat":230,"minecraft:lilac":2,"biomesoplenty:fir_log":6,"minecraft:grass":61,"minecraft:oak_log":4,"projectvibrantjourneys:short_grass":18,"minecraft:dirt":32,"minecraft:crimson_planks":16,"minecraft:tripwire_hook":5,"biomesoplenty:orange_autumn_leaves":3,"minecraft:red_carpet":1,"minecraft:gray_stained_glass_pane":1,"minecraft:ladder":2,"biomesoplenty:bush":3,"minecraft:purple_terracotta":4,"minecraft:jungle_planks":10,"minecraft:kelp":1,"minecraft:sandstone":9,"minecraft:hay_block":20,"minecraft:black_stained_glass_pane":1,"minecraft:carrots":2,"minecraft:furnace":1,"minecraft:raw_gold_block":2,"minecraft:chiseled_sandstone":1,"treechop:chopped_log":16,"minecraft:gold_block":8,"biomesoplenty:sea_oats":2,"minecraft:potatoes":1,"biomesoplenty:high_grass":20,"biomesoplenty:barley":4,"projectvibrantjourneys:seashells":2,"minecraft:stone":95,"minecraft:podzol":1,"minecraft:brown_carpet":2,"minecraft:stone_brick_slab":2,"minecraft:crafting_table":5,"wardrobe:backpack_block":1,"pizzacraft:raw_pizza":1,"biomesoplenty:fir_planks":7,"biomesoplenty:high_grass_plant":23,"minecraft:tall_grass":12,"minecraft:spruce_stairs":2,"minecraft:birch_planks":3,"securitycraft:dirt_mine":1,"minecraft:coal_ore":14,"biomesoplenty:fir_leaves":7,"minecraft:cherry_leaves":8,"minecraft:gravel":10,"minecraft:lodestone":1,"minecraft:acacia_planks":1,"minecraft:stone_bricks":7,"minecraft:mossy_stone_bricks":6,"projectvibrantjourneys:oak_hollow_log":1,"minecraft:fern":1}},"DataVersion":3465}