{"stats":{"minecraft:mined":{"minecraft:dark_oak_planks":7,"minecraft:spruce_planks":5,"minecraft:white_bed":1,"minecraft:grass_block":6,"minecraft:spawner":4,"immersive_weathering:biomesoplenty/fir_leaf_pile":1,"minecraft:carrots":2,"minecraft:fire":67,"treechop:chopped_log":3,"minecraft:gold_block":8,"minecraft:dark_oak_stairs":2,"minecraft:potatoes":1,"minecraft:spruce_wood":1,"projectvibrantjourneys:seashells":1,"minecraft:spruce_slab":2,"minecraft:green_bed":5,"minecraft:crafting_table":3,"projectvibrantjourneys:twigs":2,"biomesoplenty:fir_planks":1,"minecraft:melon":4,"minecraft:chest":1,"projectvibrantjourneys:natural_cobweb":1,"minecraft:tall_grass":6,"minecraft:birch_planks":3,"minecraft:wheat":75,"biomesoplenty:fir_log":6,"minecraft:grass":11,"projectvibrantjourneys:short_grass":8,"minecraft:dirt":26,"minecraft:lodestone":1,"minecraft:acacia_planks":1,"projectvibrantjourneys:oak_hollow_log":1,"minecraft:fern":1},"minecraft:killed":{"minecraft:vindicator":3,"minecraft:spider":2,"naturalist:snail":1,"minecraft:skeleton":14,"minecraft:husk":1,"minecraft:pig":2,"minecraft:sheep":3,"minecraft:pillager":2,"minecraft:zombie":13,"minecraft:villager":1,"minecraft:cow":4},"minecraft:killed_by":{"minecraft:creeper":1,"minecraft:pillager":5,"minecraft:vindicator":7,"minecraft:zombie":3},"minecraft:crafted":{"minecraft:oak_planks":28,"minecraft:diamond_leggings":1,"minecraft:chest":3,"minecraft:dark_oak_planks":16,"minecraft:diamond_sword":2,"minecraft:diamond_axe":1,"minecraft:crafting_table":6,"minecraft:spruce_planks":4,"minecraft:wooden_pickaxe":1,"minecraft:bread":21,"biomesoplenty:fir_planks":312,"minecraft:golden_apple":7,"minecraft:diamond_pickaxe":1,"minecraft:shield":1,"minecraft:stick":8,"minecraft:wooden_axe":2,"minecraft:gold_ingot":72,"minecraft:white_bed":1},"minecraft:used":{"minecraft:flint_and_steel":45,"immersive_weathering:charred_planks":1,"minecraft:spruce_planks":6,"minecraft:chest":3,"minecraft:shield":2,"minecraft:rotten_flesh":2,"minecraft:dirt":58,"minecraft:obsidian":2,"minecraft:wooden_axe":38,"minecraft:dark_oak_planks":27,"minecraft:lantern":1,"minecraft:diamond_chestplate":3,"minecraft:bow":18,"minecraft:cooked_beef":5,"minecraft:acacia_planks":2,"minecraft:cooked_mutton":2,"supplementaries:sign_post_oak":1,"minecraft:birch_planks":1,"minecraft:wooden_pickaxe":9,"biomesoplenty:fir_planks":43,"minecraft:diamond_axe":38,"minecraft:green_bed":2,"minecraft:crafting_table":8,"minecraft:white_bed":2,"minecraft:diamond_pickaxe":13,"minecraft:bread":31,"minecraft:melon_slice":15,"minecraft:iron_pickaxe":1,"securitycraft:mine":6,"ecologics:coconut_slice":1,"minecraft:diamond_sword":291,"biomesoplenty:fir_log":20},"minecraft:dropped":{"minecraft:bread":9,"minecraft:wheat_seeds":68,"minecraft:cooked_beef":1,"minecraft:leather":5,"minecraft:golden_apple":3,"minecraft:oxeye_daisy":2,"minecraft:dirt":3,"minecraft:stone_button":1,"immersive_weathering:spruce_bark":1,"minecraft:polished_blackstone_brick_slab":1,"minecraft:white_banner":8,"minecraft:polished_blackstone_bricks":1,"minecraft:string":5,"minecraft:dandelion":1,"minecraft:golden_chestplate":1,"minecraft:rotten_flesh":6,"minecraft:iron_chestplate":1,"minecraft:stone_bricks":1,"minecraft:spruce_slab":2,"minecraft:bow":1},"minecraft:custom":{"minecraft:mob_kills":49,"minecraft:interact_with_crafting_table":20,"minecraft:open_barrel":32,"minecraft:damage_dealt_resisted":315,"minecraft:leave_game":1,"minecraft:time_since_death":76673,"minecraft:climb_one_cm":5256,"minecraft:sprint_one_cm":374058,"minecraft:walk_one_cm":397258,"minecraft:damage_blocked_by_shield":315,"minecraft:drop":34,"minecraft:play_time":127409,"minecraft:deaths":16,"minecraft:sneak_time":1594,"minecraft:walk_under_water_one_cm":12039,"minecraft:jump":2438,"minecraft:walk_on_water_one_cm":30736,"minecraft:total_world_time":127409,"minecraft:sleep_in_bed":6,"minecraft:time_since_rest":40209,"minecraft:damage_taken":7064,"minecraft:damage_dealt":7449,"minecraft:swim_one_cm":71730,"minecraft:fly_one_cm":422974,"minecraft:player_kills":2,"minecraft:open_chest":51,"minecraft:crouch_one_cm":4152,"minecraft:fall_one_cm":65739},"minecraft:picked_up":{"minecraft:wooden_axe":6,"minecraft:crafting_table":3,"minecraft:iron_chestplate":2,"minecraft:wheat":63,"minecraft:chicken":1,"minecraft:diamond_sword":4,"minecraft:wooden_pickaxe":2,"minecraft:gold_block":8,"minecraft:enchanted_book":1,"minecraft:shield":4,"minecraft:string":6,"minecraft:flint_and_steel":5,"minecraft:item_frame":1,"minecraft:gold_nugget":16,"minecraft:spruce_planks":8,"minecraft:iron_pickaxe":1,"minecraft:spruce_slab":2,"minecraft:melon_slice":43,"minecraft:birch_sapling":1,"minecraft:spruce_trapdoor":2,"minecraft:polished_blackstone_brick_slab":1,"minecraft:stick":42,"ecologics:coconut_slice":1,"projectvibrantjourneys:bark_mushroom":1,"minecraft:green_bed":18,"hangglider:glider_framework":1,"minecraft:porkchop":11,"minecraft:polished_blackstone_bricks":1,"minecraft:stone_button":1,"minecraft:golden_chestplate":1,"minecraft:dark_oak_planks":49,"supplementaries:sign_post_oak":1,"minecraft:arrow":29,"minecraft:diamond_chestplate":5,"minecraft:rotten_flesh":28,"minecraft:diamond_boots":1,"minecraft:stripped_dark_oak_wood":1,"supplementaries:ash":56,"minecraft:mutton":2,"minecraft:skeleton_skull":8,"minecraft:white_wool":3,"minecraft:oxeye_daisy":2,"minecraft:cooked_beef":8,"minecraft:tripwire_hook":3,"immersive_weathering:spruce_bark":1,"minecraft:leather":8,"minecraft:potato":1,"minecraft:birch_planks":9,"biomesoplenty:fir_sapling":17,"biomesoplenty:fir_log":162,"minecraft:flint":12,"minecraft:oak_log":26,"minecraft:gunpowder":106,"immersive_weathering:charred_planks":1,"minecraft:dirt":86,"minecraft:lantern":1,"minecraft:white_banner":8,"minecraft:name_tag":1,"minecraft:cooked_mutton":3,"minecraft:bone":28,"minecraft:acacia_planks":3,"minecraft:stone_bricks":1,"minecraft:bow":4,"minecraft:wheat_seeds":133,"minecraft:spruce_wood":1,"minecraft:iron_ingot":25,"minecraft:diamond_helmet":5,"minecraft:iron_sword":2,"immersive_weathering:tallow":13,"minecraft:dark_oak_stairs":4,"projectvibrantjourneys:light_brown_bark_mushroom":2,"securitycraft:mine":6,"minecraft:dark_oak_slab":2,"minecraft:dandelion":1,"immersive_weathering:charred_stairs":2,"ecologics:coconut_husk":1,"minecraft:spruce_sapling":2,"minecraft:white_bed":1,"minecraft:spruce_log":1,"immersive_weathering:charred_slab":2,"minecraft:slime_ball":1,"minecraft:diamond":129,"minecraft:iron_helmet":1,"minecraft:diamond_axe":1,"minecraft:emerald":150,"minecraft:bread":52,"minecraft:baked_potato":13,"projectvibrantjourneys:orange_bark_mushroom":1,"minecraft:oak_sapling":4}},"DataVersion":3465}