{"stats":{"minecraft:mined":{"minecraft:dark_oak_planks":7,"minecraft:spruce_planks":5,"minecraft:crafting_table":3,"projectvibrantjourneys:twigs":2,"minecraft:grass_block":5,"minecraft:spawner":3,"minecraft:birch_planks":3,"immersive_weathering:biomesoplenty/fir_leaf_pile":1,"minecraft:fire":10,"treechop:chopped_log":3,"biomesoplenty:fir_log":2,"minecraft:dark_oak_stairs":2,"minecraft:grass":2,"minecraft:dirt":14,"minecraft:acacia_planks":1,"projectvibrantjourneys:seashells":1,"minecraft:green_bed":5},"minecraft:killed":{"minecraft:pig":2,"minecraft:spider":1,"minecraft:vindicator":3,"minecraft:zombie":1},"minecraft:killed_by":{"minecraft:vindicator":7,"minecraft:creeper":1,"minecraft:zombie":3,"minecraft:pillager":5},"minecraft:crafted":{"minecraft:oak_planks":28,"minecraft:diamond_sword":2,"minecraft:diamond_axe":1,"minecraft:crafting_table":2,"minecraft:wooden_pickaxe":1,"biomesoplenty:fir_planks":72,"minecraft:shield":1,"minecraft:stick":4,"minecraft:wooden_axe":2,"minecraft:chest":2,"minecraft:dark_oak_planks":16},"minecraft:used":{"minecraft:flint_and_steel":10,"immersive_weathering:charred_planks":1,"minecraft:birch_planks":1,"minecraft:chest":2,"minecraft:spruce_planks":6,"minecraft:wooden_pickaxe":9,"biomesoplenty:fir_planks":35,"minecraft:diamond_axe":7,"minecraft:green_bed":2,"minecraft:rotten_flesh":2,"minecraft:dirt":14,"minecraft:crafting_table":4,"minecraft:obsidian":2,"minecraft:dark_oak_planks":27,"minecraft:wooden_axe":38,"minecraft:bread":16,"minecraft:iron_pickaxe":1,"minecraft:diamond_chestplate":3,"ecologics:coconut_slice":1,"minecraft:diamond_sword":50,"minecraft:bow":5,"biomesoplenty:fir_log":12,"minecraft:acacia_planks":2},"minecraft:dropped":{"minecraft:bread":9,"minecraft:iron_chestplate":1,"minecraft:bow":1},"minecraft:custom":{"minecraft:mob_kills":9,"minecraft:interact_with_crafting_table":10,"minecraft:open_barrel":24,"minecraft:damage_dealt_resisted":315,"minecraft:leave_game":1,"minecraft:time_since_death":16673,"minecraft:sleep_in_bed":5,"minecraft:climb_one_cm":3802,"minecraft:time_since_rest":4438,"minecraft:sprint_one_cm":159017,"minecraft:damage_taken":5750,"minecraft:walk_one_cm":182406,"minecraft:drop":11,"minecraft:damage_dealt":2031,"minecraft:swim_one_cm":49908,"minecraft:fly_one_cm":172783,"minecraft:player_kills":1,"minecraft:open_chest":34,"minecraft:crouch_one_cm":1256,"minecraft:play_time":67409,"minecraft:deaths":16,"minecraft:sneak_time":860,"minecraft:walk_under_water_one_cm":10476,"minecraft:jump":1099,"minecraft:walk_on_water_one_cm":23594,"minecraft:total_world_time":67409,"minecraft:fall_one_cm":25316},"minecraft:picked_up":{"minecraft:wooden_axe":6,"minecraft:iron_chestplate":2,"minecraft:crafting_table":3,"minecraft:tripwire_hook":3,"minecraft:leather":1,"minecraft:wooden_pickaxe":2,"minecraft:diamond_sword":4,"biomesoplenty:fir_sapling":17,"minecraft:birch_planks":9,"biomesoplenty:fir_log":158,"minecraft:flint":12,"minecraft:oak_log":21,"minecraft:shield":4,"minecraft:gunpowder":42,"minecraft:string":2,"immersive_weathering:charred_planks":1,"minecraft:dirt":67,"minecraft:flint_and_steel":5,"minecraft:bone":4,"minecraft:acacia_planks":3,"minecraft:bow":1,"minecraft:wheat_seeds":1,"minecraft:gold_nugget":16,"minecraft:spruce_planks":8,"minecraft:iron_ingot":24,"minecraft:iron_pickaxe":1,"minecraft:diamond_helmet":5,"minecraft:iron_sword":2,"immersive_weathering:tallow":13,"minecraft:dark_oak_stairs":4,"projectvibrantjourneys:light_brown_bark_mushroom":1,"minecraft:stick":42,"minecraft:dark_oak_slab":2,"ecologics:coconut_slice":1,"projectvibrantjourneys:bark_mushroom":1,"minecraft:green_bed":18,"immersive_weathering:charred_stairs":2,"minecraft:porkchop":11,"ecologics:coconut_husk":1,"minecraft:spruce_sapling":2,"immersive_weathering:charred_slab":2,"minecraft:golden_chestplate":1,"minecraft:dark_oak_planks":49,"minecraft:rotten_flesh":15,"minecraft:arrow":8,"minecraft:diamond_chestplate":5,"minecraft:diamond":129,"minecraft:diamond_boots":1,"minecraft:diamond_axe":1,"minecraft:stripped_dark_oak_wood":1,"minecraft:bread":52,"minecraft:emerald":150,"supplementaries:ash":51,"minecraft:oak_sapling":2,"minecraft:skeleton_skull":8}},"DataVersion":3465}