{"stats":{"minecraft:mined":{"projectvibrantjourneys:twigs":1,"minecraft:dirt":9},"minecraft:custom":{"minecraft:jump":164,"minecraft:time_since_rest":344,"minecraft:leave_game":1,"minecraft:deaths":1,"minecraft:walk_on_water_one_cm":128,"minecraft:sprint_one_cm":24144,"minecraft:play_time":6610,"minecraft:damage_taken":270,"minecraft:time_since_death":0,"minecraft:walk_one_cm":10489,"minecraft:climb_one_cm":165,"minecraft:total_world_time":6610,"minecraft:fall_one_cm":4077,"minecraft:fly_one_cm":34571},"minecraft:used":{"minecraft:dirt":9},"minecraft:killed_by":{"minecraft:zombie":1},"minecraft:picked_up":{"minecraft:stick":1,"minecraft:dirt":9}},"DataVersion":3465}