{"stats":{"minecraft:killed_by":{"minecraft:creeper":1,"minecraft:pillager":5,"minecraft:vindicator":8,"minecraft:zombie":5,"minecraft:stray":2,"minecraft:skeleton":4},"minecraft:used":{"pizzacraft:dough":1,"minecraft:ladder":3,"minecraft:chest":3,"minecraft:shield":9,"minecraft:iron_sword":167,"minecraft:rotten_flesh":4,"minecraft:jungle_planks":10,"minecraft:allium":1,"minecraft:obsidian":2,"minecraft:lantern":1,"minecraft:bow":21,"minecraft:hay_block":1,"minecraft:furnace":4,"pizzacraft:raw_pizza":3,"supplementaries:sign_post_oak":1,"minecraft:oak_planks":65,"minecraft:leather_chestplate":1,"minecraft:wooden_pickaxe":37,"minecraft:sandstone":9,"biomesoplenty:fir_planks":68,"minecraft:chainmail_helmet":1,"minecraft:diamond_axe":140,"minecraft:golden_apple":1,"minecraft:sand":2,"pizzacraft:pizza_slice":3,"minecraft:purple_terracotta":3,"minecraft:melon_slice":47,"minecraft:bread":44,"minecraft:stone_button":1,"wardrobe:backpack":1,"minecraft:gravel":10,"securitycraft:mine":17,"ecologics:coconut_slice":1,"minecraft:diamond_sword":466,"minecraft:wooden_sword":8,"minecraft:experience_bottle":2,"minecraft:flint_and_steel":47,"immersive_weathering:charred_planks":1,"minecraft:spruce_planks":47,"minecraft:cooked_chicken":1,"minecraft:dirt":67,"farmersdelight:flint_knife":1,"minecraft:diamond_helmet":1,"minecraft:dark_oak_planks":30,"minecraft:wooden_axe":38,"minecraft:iron_axe":286,"minecraft:iron_boots":1,"minecraft:crimson_planks":15,"minecraft:barrel":2,"minecraft:diamond_chestplate":3,"securitycraft:dirt_mine":4,"tombstone:gift":1,"minecraft:cooked_beef":22,"minecraft:acacia_planks":2,"minecraft:iron_leggings":1,"minecraft:cooked_mutton":14,"minecraft:water_bucket":16,"minecraft:birch_planks":1,"minecraft:green_bed":2,"minecraft:tnt":2,"minecraft:crafting_table":16,"minecraft:white_bed":6,"minecraft:diamond_pickaxe":46,"minecraft:apple":4,"minecraft:iron_pickaxe":87,"minecraft:map":1,"minecraft:cobblestone":90,"minecraft:cooked_porkchop":8,"minecraft:bucket":16,"biomesoplenty:fir_log":20,"minecraft:dandelion":1},"minecraft:dropped":{"naturalist:lizard_tail":3,"minecraft:cooked_beef":1,"minecraft:oak_log":110,"minecraft:diamond":11,"minecraft:leather":5,"pizzacraft:iron_knife":1,"projectvibrantjourneys:orange_bark_mushroom":1,"minecraft:dirt":5,"minecraft:gray_concrete":1,"minecraft:stone_button":1,"minecraft:dark_oak_trapdoor":8,"immersive_weathering:spruce_bark":1,"minecraft:polished_blackstone_bricks":1,"minecraft:gravel":10,"minecraft:note_block":1,"minecraft:golden_chestplate":1,"minecraft:wheat":4,"minecraft:birch_sapling":1,"minecraft:rotten_flesh":18,"projectvibrantjourneys:light_brown_bark_mushroom":1,"minecraft:spruce_pressure_plate":3,"minecraft:chest":2,"minecraft:leather_leggings":1,"immersive_weathering:tallow":1,"minecraft:spruce_slab":2,"pizzacraft:broccoli_seeds":3,"minecraft:quartz":23,"minecraft:iron_ingot":5,"minecraft:bread":9,"minecraft:wheat_seeds":238,"minecraft:lilac":4,"pizzacraft:pizza_slice":1,"minecraft:golden_apple":3,"minecraft:stick":1,"minecraft:oxeye_daisy":2,"minecraft:milk_bucket":1,"tombstone:grave_key":2,"minecraft:polished_blackstone_brick_slab":1,"minecraft:white_banner":8,"minecraft:string":5,"minecraft:gray_carpet":15,"minecraft:dandelion":1,"pizzacraft:rolling_pin":1,"minecraft:stone_sword":1,"minecraft:iron_boots":1,"minecraft:filled_map":1,"minecraft:big_dripleaf":1,"minecraft:hay_block":2,"biomesoplenty:fir_planks":64,"minecraft:iron_chestplate":1,"minecraft:oak_sapling":3,"minecraft:stone_bricks":1,"minecraft:bow":1},"minecraft:broken":{"pizzacraft:chef_hat":1},"minecraft:custom":{"minecraft:interact_with_crafting_table":63,"minecraft:open_barrel":81,"minecraft:leave_game":5,"minecraft:time_since_death":10725,"minecraft:damage_resisted":330,"minecraft:sprint_one_cm":885137,"minecraft:damage_blocked_by_shield":885,"minecraft:drop":97,"minecraft:play_noteblock":1,"minecraft:talked_to_villager":4,"minecraft:play_time":395547,"minecraft:deaths":32,"minecraft:jump":6962,"minecraft:walk_on_water_one_cm":79188,"minecraft:interact_with_furnace":53,"minecraft:sleep_in_bed":9,"minecraft:damage_dealt":21588,"minecraft:player_kills":2,"minecraft:crouch_one_cm":17951,"tombstone:undead_killed":17,"tombstone:villager_killed":2,"minecraft:inspect_dispenser":2,"minecraft:mob_kills":124,"minecraft:damage_dealt_resisted":734,"minecraft:climb_one_cm":24862,"minecraft:walk_one_cm":1042339,"minecraft:sneak_time":9841,"minecraft:walk_under_water_one_cm":66412,"minecraft:total_world_time":395547,"tombstone:raider_killed":20,"minecraft:time_since_rest":10044,"minecraft:damage_taken":16206,"minecraft:damage_absorbed":40,"minecraft:swim_one_cm":287026,"minecraft:fly_one_cm":1470993,"minecraft:open_chest":166,"minecraft:fall_one_cm":197853},"minecraft:killed":{"minecraft:spider":4,"naturalist:snail":1,"minecraft:skeleton":20,"minecraft:pig":6,"minecraft:creeper":2,"minecraft:sheep":10,"minecraft:pillager":3,"minecraft:zombie":28,"minecraft:cow":9,"minecraft:vindicator":19,"naturalist:duck":1,"minecraft:phantom":3,"minecraft:drowned":5,"minecraft:husk":1,"minecraft:wandering_trader":1,"minecraft:villager":2},"minecraft:crafted":{"minecraft:oak_planks":96,"securitycraft:mine":6,"minecraft:cooked_chicken":1,"minecraft:cooked_mutton":12,"minecraft:diamond_leggings":1,"minecraft:chest":3,"pizzacraft:chef_hat":1,"minecraft:cooked_porkchop":13,"minecraft:diamond_axe":1,"minecraft:crafting_table":12,"minecraft:spruce_planks":4,"minecraft:wooden_pickaxe":3,"biomesoplenty:fir_planks":312,"minecraft:diamond_pickaxe":1,"minecraft:charcoal":10,"minecraft:shield":2,"minecraft:stick":16,"minecraft:iron_pickaxe":1,"minecraft:iron_ingot":6,"minecraft:gold_ingot":72,"wardrobe:backpack":1,"minecraft:wooden_sword":1,"minecraft:furnace":3,"minecraft:iron_axe":2,"minecraft:dark_oak_planks":16,"minecraft:wheat":153,"minecraft:cooked_beef":19,"minecraft:diamond_sword":3,"minecraft:iron_sword":1,"minecraft:bucket":1,"minecraft:bread":107,"minecraft:air":0,"minecraft:jungle_planks":24,"minecraft:golden_apple":7,"minecraft:wooden_axe":2,"minecraft:white_bed":2,"minecraft:diamond_chestplate":1},"minecraft:mined":{"minecraft:dark_oak_planks":19,"securitycraft:mine":5,"minecraft:stone_pressure_plate":1,"minecraft:spruce_planks":55,"minecraft:white_bed":4,"minecraft:oak_sapling":1,"minecraft:jungle_slab":1,"minecraft:grass_block":8,"minecraft:spawner":8,"immersive_weathering:biomesoplenty/fir_leaf_pile":1,"minecraft:dark_oak_trapdoor":1,"minecraft:barrel":1,"minecraft:fire":86,"minecraft:dark_oak_stairs":3,"minecraft:spruce_pressure_plate":3,"minecraft:spruce_wood":1,"minecraft:spruce_slab":10,"minecraft:green_bed":5,"projectvibrantjourneys:cattail":2,"minecraft:cut_sandstone":1,"minecraft:note_block":1,"minecraft:jungle_stairs":2,"projectvibrantjourneys:twigs":2,"minecraft:melon":9,"minecraft:chest":1,"projectvibrantjourneys:natural_cobweb":1,"minecraft:cobblestone":4,"minecraft:oak_planks":19,"minecraft:iron_door":1,"minecraft:wheat":228,"minecraft:lilac":2,"biomesoplenty:fir_log":6,"minecraft:grass":41,"minecraft:oak_log":4,"projectvibrantjourneys:short_grass":15,"minecraft:dirt":32,"minecraft:crimson_planks":16,"minecraft:tripwire_hook":3,"minecraft:red_carpet":1,"minecraft:gray_stained_glass_pane":1,"minecraft:ladder":2,"biomesoplenty:bush":2,"minecraft:purple_terracotta":4,"minecraft:jungle_planks":10,"minecraft:sandstone":9,"minecraft:hay_block":20,"minecraft:black_stained_glass_pane":1,"minecraft:carrots":2,"minecraft:furnace":1,"minecraft:raw_gold_block":1,"minecraft:chiseled_sandstone":1,"treechop:chopped_log":15,"minecraft:gold_block":8,"minecraft:potatoes":1,"biomesoplenty:high_grass":20,"projectvibrantjourneys:seashells":2,"minecraft:stone":95,"minecraft:crafting_table":5,"wardrobe:backpack_block":1,"pizzacraft:raw_pizza":1,"biomesoplenty:fir_planks":7,"biomesoplenty:high_grass_plant":23,"minecraft:tall_grass":9,"minecraft:spruce_stairs":2,"minecraft:birch_planks":3,"securitycraft:dirt_mine":1,"minecraft:coal_ore":14,"minecraft:gravel":10,"minecraft:lodestone":1,"minecraft:acacia_planks":1,"projectvibrantjourneys:oak_hollow_log":1,"minecraft:fern":1},"minecraft:picked_up":{"minecraft:wooden_axe":6,"minecraft:iron_chestplate":4,"pizzacraft:rolling_pin":1,"minecraft:wheat":201,"minecraft:lead":3,"minecraft:diamond_sword":5,"minecraft:enchanted_book":2,"minecraft:crimson_planks":15,"tombstone:grave_key":1,"minecraft:string":9,"minecraft:dark_oak_trapdoor":9,"minecraft:iron_leggings":1,"minecraft:experience_bottle":3,"minecraft:gold_nugget":28,"minecraft:bucket":1,"bosses_of_mass_destruction:soul_star":1,"biomesoplenty:fir_planks":130,"minecraft:spruce_planks":85,"minecraft:iron_pickaxe":1,"hangglider:hang_glider":2,"minecraft:melon_slice":180,"minecraft:iron_boots":2,"minecraft:furnace":1,"minecraft:spruce_pressure_plate":3,"pizzacraft:raw_pizza":3,"minecraft:polished_blackstone_brick_slab":1,"minecraft:stick":141,"minecraft:big_dripleaf":1,"minecraft:green_bed":18,"minecraft:spruce_stairs":2,"hangglider:glider_framework":2,"minecraft:porkchop":16,"tombstone:grave_dust":1,"minecraft:golden_chestplate":1,"immersive_weathering:oak_bark":2,"minecraft:stone_sword":1,"minecraft:rotten_flesh":56,"wardrobe:backpack":1,"farmersdelight:onion":5,"pizzacraft:pizza_slice":4,"projectvibrantjourneys:cattail":1,"supplementaries:ash":56,"minecraft:cobblestone":141,"minecraft:birch_log":7,"minecraft:cooked_beef":9,"minecraft:feather":2,"minecraft:lilac":4,"minecraft:iron_door":1,"minecraft:jungle_log":7,"minecraft:potato":1,"biomesoplenty:fir_sapling":17,"biomesoplenty:fir_log":162,"minecraft:flint":13,"naturalist:lizard_tail":3,"minecraft:gray_concrete":1,"minecraft:dirt":156,"minecraft:lantern":2,"minecraft:name_tag":1,"minecraft:bone":33,"minecraft:acacia_planks":3,"minecraft:bow":6,"minecraft:wheat_seeds":497,"minecraft:diamond_helmet":7,"pizzacraft:tomato_sauce":3,"minecraft:oak_planks":19,"immersive_weathering:tallow":17,"securitycraft:mine":11,"minecraft:cooked_porkchop":8,"securitycraft:dirt_mine":12,"minecraft:jungle_planks":10,"ecologics:coconut_husk":1,"minecraft:jungle_slab":1,"minecraft:chiseled_sandstone":1,"minecraft:diamond":170,"minecraft:bread":52,"minecraft:emerald":178,"pizzacraft:iron_knife":1,"minecraft:oak_sapling":41,"minecraft:crafting_table":5,"minecraft:allium":2,"minecraft:chicken":2,"minecraft:ladder":5,"minecraft:leather_leggings":1,"minecraft:wooden_pickaxe":2,"minecraft:gold_block":8,"minecraft:shield":7,"minecraft:flint_and_steel":5,"minecraft:item_frame":1,"minecraft:beef":13,"minecraft:spruce_slab":9,"minecraft:chest":2,"minecraft:birch_sapling":2,"minecraft:spruce_trapdoor":2,"minecraft:phantom_membrane":1,"minecraft:sandstone":9,"minecraft:raw_gold_block":1,"ecologics:coconut_slice":1,"projectvibrantjourneys:bark_mushroom":7,"minecraft:note_block":1,"minecraft:polished_blackstone_bricks":1,"minecraft:stone_button":2,"minecraft:dark_oak_planks":60,"minecraft:stone_pressure_plate":1,"minecraft:purple_terracotta":4,"supplementaries:sign_post_oak":1,"minecraft:arrow":49,"pizzacraft:dough":1,"minecraft:diamond_chestplate":5,"minecraft:jungle_stairs":1,"minecraft:diamond_boots":1,"minecraft:hay_block":20,"minecraft:stripped_dark_oak_wood":1,"minecraft:gold_ingot":9,"minecraft:glow_berries":1,"minecraft:mutton":18,"minecraft:skeleton_skull":10,"minecraft:white_wool":9,"minecraft:oxeye_daisy":2,"minecraft:stripped_oak_log":1,"minecraft:tripwire_hook":3,"immersive_weathering:spruce_bark":1,"minecraft:leather":14,"minecraft:cut_sandstone":1,"minecraft:red_mushroom":1,"minecraft:birch_planks":9,"minecraft:oak_log":161,"minecraft:gunpowder":126,"immersive_weathering:charred_planks":1,"pizzacraft:broccoli_seeds":3,"minecraft:white_banner":8,"minecraft:cooked_mutton":5,"minecraft:red_carpet":1,"minecraft:gray_carpet":15,"minecraft:apple":11,"minecraft:stone_bricks":1,"minecraft:spruce_wood":1,"minecraft:iron_ingot":72,"minecraft:iron_ore":11,"minecraft:iron_sword":4,"minecraft:dark_oak_stairs":17,"projectvibrantjourneys:light_brown_bark_mushroom":13,"minecraft:dark_oak_slab":2,"minecraft:dandelion":2,"immersive_weathering:charred_stairs":2,"minecraft:gravel":11,"minecraft:spruce_sapling":2,"minecraft:white_bed":5,"minecraft:spruce_log":1,"immersive_weathering:charred_slab":2,"minecraft:spider_eye":1,"biomesoplenty:flowering_oak_sapling":1,"minecraft:slime_ball":1,"immersive_weathering:earthen_clay":6,"minecraft:iron_helmet":3,"minecraft:diamond_axe":3,"tombstone:magic_scroll":1,"minecraft:baked_potato":13,"projectvibrantjourneys:orange_bark_mushroom":10,"minecraft:black_wool":9,"minecraft:coal":76}},"DataVersion":3465}