{"stats":{"minecraft:mined":{"minecraft:dark_oak_planks":7,"minecraft:spruce_planks":5,"minecraft:white_bed":1,"minecraft:crafting_table":3,"projectvibrantjourneys:twigs":2,"minecraft:grass_block":5,"minecraft:tall_grass":6,"minecraft:spawner":3,"minecraft:birch_planks":3,"immersive_weathering:biomesoplenty/fir_leaf_pile":1,"minecraft:carrots":2,"minecraft:wheat":75,"minecraft:fire":32,"treechop:chopped_log":3,"biomesoplenty:fir_log":2,"minecraft:dark_oak_stairs":2,"minecraft:potatoes":1,"minecraft:grass":9,"projectvibrantjourneys:short_grass":2,"minecraft:dirt":14,"minecraft:spruce_wood":1,"minecraft:acacia_planks":1,"projectvibrantjourneys:seashells":1,"minecraft:green_bed":5},"minecraft:killed":{"minecraft:pig":2,"minecraft:spider":2,"minecraft:vindicator":3,"minecraft:sheep":2,"minecraft:skeleton":1,"minecraft:zombie":4,"minecraft:villager":1,"minecraft:cow":2},"minecraft:killed_by":{"minecraft:vindicator":7,"minecraft:creeper":1,"minecraft:zombie":3,"minecraft:pillager":5},"minecraft:crafted":{"minecraft:oak_planks":28,"minecraft:diamond_sword":2,"minecraft:diamond_axe":1,"minecraft:crafting_table":3,"minecraft:spruce_planks":4,"minecraft:wooden_pickaxe":1,"minecraft:bread":21,"biomesoplenty:fir_planks":72,"minecraft:shield":1,"minecraft:stick":4,"minecraft:wooden_axe":2,"minecraft:chest":2,"minecraft:white_bed":1,"minecraft:dark_oak_planks":16},"minecraft:used":{"supplementaries:sign_post_oak":1,"minecraft:flint_and_steel":32,"immersive_weathering:charred_planks":1,"minecraft:birch_planks":1,"minecraft:shield":1,"minecraft:chest":2,"minecraft:spruce_planks":6,"minecraft:wooden_pickaxe":9,"biomesoplenty:fir_planks":35,"minecraft:diamond_axe":18,"minecraft:green_bed":2,"minecraft:rotten_flesh":2,"minecraft:dirt":14,"minecraft:crafting_table":5,"minecraft:white_bed":2,"minecraft:obsidian":2,"minecraft:dark_oak_planks":27,"minecraft:wooden_axe":38,"minecraft:melon_slice":11,"minecraft:bread":19,"minecraft:iron_pickaxe":1,"minecraft:diamond_chestplate":3,"ecologics:coconut_slice":1,"minecraft:diamond_sword":164,"minecraft:bow":5,"minecraft:cooked_beef":4,"biomesoplenty:fir_log":12,"minecraft:acacia_planks":2},"minecraft:dropped":{"minecraft:bread":9,"minecraft:wheat_seeds":64,"minecraft:cooked_beef":1,"minecraft:stone_button":1,"minecraft:iron_chestplate":1,"immersive_weathering:spruce_bark":1,"minecraft:bow":1,"minecraft:string":4},"minecraft:custom":{"minecraft:mob_kills":19,"minecraft:interact_with_crafting_table":12,"minecraft:open_barrel":24,"minecraft:damage_dealt_resisted":315,"minecraft:leave_game":1,"minecraft:time_since_death":40673,"minecraft:sleep_in_bed":6,"minecraft:climb_one_cm":3802,"minecraft:time_since_rest":4209,"minecraft:sprint_one_cm":276842,"minecraft:damage_taken":6198,"minecraft:walk_one_cm":266371,"minecraft:damage_blocked_by_shield":255,"minecraft:drop":16,"minecraft:damage_dealt":3215,"minecraft:swim_one_cm":56448,"minecraft:fly_one_cm":317331,"minecraft:player_kills":1,"minecraft:open_chest":34,"minecraft:crouch_one_cm":1368,"minecraft:play_time":91409,"minecraft:deaths":16,"minecraft:sneak_time":886,"minecraft:walk_under_water_one_cm":11559,"minecraft:jump":1765,"minecraft:walk_on_water_one_cm":28538,"minecraft:total_world_time":91409,"minecraft:fall_one_cm":46983},"minecraft:picked_up":{"minecraft:wooden_axe":6,"minecraft:iron_chestplate":2,"minecraft:crafting_table":3,"minecraft:wheat":63,"minecraft:cooked_beef":6,"minecraft:chicken":1,"minecraft:tripwire_hook":3,"immersive_weathering:spruce_bark":1,"minecraft:potato":1,"minecraft:leather":6,"minecraft:wooden_pickaxe":2,"minecraft:diamond_sword":4,"biomesoplenty:fir_sapling":17,"minecraft:birch_planks":9,"biomesoplenty:fir_log":158,"minecraft:enchanted_book":1,"minecraft:flint":12,"minecraft:oak_log":21,"minecraft:shield":4,"minecraft:gunpowder":42,"minecraft:string":5,"immersive_weathering:charred_planks":1,"minecraft:dirt":67,"minecraft:lantern":1,"minecraft:white_banner":4,"minecraft:flint_and_steel":5,"minecraft:cooked_mutton":3,"minecraft:item_frame":1,"minecraft:bone":6,"minecraft:acacia_planks":3,"minecraft:bow":1,"minecraft:wheat_seeds":132,"minecraft:gold_nugget":16,"minecraft:spruce_planks":8,"minecraft:spruce_wood":1,"minecraft:iron_ingot":24,"minecraft:iron_pickaxe":1,"minecraft:diamond_helmet":5,"minecraft:iron_sword":2,"immersive_weathering:tallow":13,"minecraft:dark_oak_stairs":4,"projectvibrantjourneys:light_brown_bark_mushroom":1,"minecraft:stick":42,"minecraft:dark_oak_slab":2,"ecologics:coconut_slice":1,"projectvibrantjourneys:bark_mushroom":1,"minecraft:green_bed":18,"immersive_weathering:charred_stairs":2,"minecraft:porkchop":11,"ecologics:coconut_husk":1,"minecraft:stone_button":1,"minecraft:spruce_sapling":2,"minecraft:white_bed":1,"minecraft:spruce_log":1,"immersive_weathering:charred_slab":2,"minecraft:golden_chestplate":1,"minecraft:dark_oak_planks":49,"supplementaries:sign_post_oak":1,"minecraft:rotten_flesh":19,"minecraft:arrow":9,"minecraft:diamond_chestplate":5,"minecraft:diamond":129,"minecraft:diamond_boots":1,"minecraft:diamond_axe":1,"minecraft:stripped_dark_oak_wood":1,"minecraft:bread":52,"minecraft:emerald":150,"minecraft:baked_potato":6,"supplementaries:ash":55,"minecraft:oak_sapling":2,"minecraft:mutton":2,"minecraft:skeleton_skull":8,"minecraft:white_wool":3,"minecraft:oxeye_daisy":1}},"DataVersion":3465}