{"stats":{"minecraft:crafted":{"minecraft:wooden_sword":1,"securitycraft:mine":6,"minecraft:oak_planks":88,"minecraft:cooked_chicken":1,"minecraft:furnace":3,"minecraft:cooked_mutton":8,"minecraft:diamond_leggings":1,"minecraft:iron_axe":1,"minecraft:chest":3,"minecraft:dark_oak_planks":16,"minecraft:wheat":63,"minecraft:cooked_beef":5,"minecraft:diamond_sword":3,"minecraft:cooked_porkchop":7,"minecraft:diamond_axe":1,"minecraft:crafting_table":10,"minecraft:spruce_planks":4,"minecraft:wooden_pickaxe":3,"minecraft:iron_sword":1,"minecraft:bucket":1,"minecraft:jungle_planks":24,"minecraft:bread":77,"minecraft:air":0,"biomesoplenty:fir_planks":312,"minecraft:golden_apple":7,"minecraft:charcoal":10,"minecraft:diamond_pickaxe":1,"minecraft:shield":2,"minecraft:stick":16,"minecraft:iron_ingot":6,"minecraft:wooden_axe":2,"minecraft:gold_ingot":72,"minecraft:white_bed":1,"minecraft:diamond_chestplate":1},"minecraft:picked_up":{"minecraft:wooden_axe":6,"minecraft:wheat":199,"minecraft:iron_chestplate":3,"minecraft:crafting_table":5,"minecraft:allium":2,"minecraft:chicken":2,"minecraft:ladder":3,"minecraft:leather_leggings":1,"minecraft:lead":1,"minecraft:diamond_sword":5,"minecraft:wooden_pickaxe":2,"minecraft:gold_block":8,"minecraft:enchanted_book":2,"minecraft:crimson_planks":15,"tombstone:grave_key":1,"minecraft:shield":7,"minecraft:string":9,"minecraft:flint_and_steel":5,"minecraft:iron_leggings":1,"minecraft:item_frame":1,"minecraft:experience_bottle":3,"minecraft:gold_nugget":16,"biomesoplenty:fir_planks":130,"minecraft:bucket":1,"minecraft:spruce_planks":68,"minecraft:furnace":1,"minecraft:iron_pickaxe":1,"minecraft:spruce_slab":9,"hangglider:hang_glider":2,"minecraft:melon_slice":155,"minecraft:birch_sapling":2,"minecraft:spruce_trapdoor":2,"minecraft:phantom_membrane":1,"minecraft:iron_boots":1,"minecraft:polished_blackstone_brick_slab":1,"minecraft:stick":139,"minecraft:sandstone":9,"ecologics:coconut_slice":1,"projectvibrantjourneys:bark_mushroom":7,"minecraft:spruce_stairs":2,"minecraft:green_bed":18,"minecraft:note_block":1,"hangglider:glider_framework":2,"minecraft:porkchop":14,"minecraft:polished_blackstone_bricks":1,"minecraft:stone_button":1,"tombstone:grave_dust":1,"minecraft:golden_chestplate":1,"minecraft:stone_pressure_plate":1,"minecraft:purple_terracotta":4,"minecraft:dark_oak_planks":49,"supplementaries:sign_post_oak":1,"immersive_weathering:oak_bark":2,"minecraft:stone_sword":1,"minecraft:arrow":49,"minecraft:diamond_chestplate":5,"minecraft:rotten_flesh":48,"minecraft:jungle_stairs":1,"farmersdelight:onion":5,"minecraft:diamond_boots":1,"minecraft:hay_block":10,"minecraft:stripped_dark_oak_wood":1,"projectvibrantjourneys:cattail":1,"supplementaries:ash":56,"minecraft:mutton":8,"minecraft:skeleton_skull":9,"minecraft:white_wool":5,"minecraft:cobblestone":45,"minecraft:oxeye_daisy":2,"minecraft:stripped_oak_log":1,"minecraft:birch_log":7,"minecraft:feather":2,"minecraft:cooked_beef":9,"minecraft:tripwire_hook":3,"minecraft:jungle_log":7,"immersive_weathering:spruce_bark":1,"minecraft:cut_sandstone":1,"minecraft:leather":8,"minecraft:red_mushroom":1,"minecraft:potato":1,"biomesoplenty:fir_sapling":17,"minecraft:birch_planks":9,"biomesoplenty:fir_log":162,"minecraft:flint":12,"minecraft:oak_log":147,"minecraft:gunpowder":126,"immersive_weathering:charred_planks":1,"minecraft:gray_concrete":1,"minecraft:dirt":146,"minecraft:lantern":1,"minecraft:white_banner":8,"minecraft:name_tag":1,"minecraft:cooked_mutton":5,"minecraft:bone":33,"minecraft:acacia_planks":3,"minecraft:apple":10,"minecraft:stone_bricks":1,"minecraft:bow":6,"minecraft:wheat_seeds":490,"minecraft:spruce_wood":1,"minecraft:iron_ingot":62,"minecraft:iron_ore":11,"minecraft:diamond_helmet":7,"minecraft:iron_sword":3,"minecraft:oak_planks":16,"immersive_weathering:tallow":16,"minecraft:dark_oak_stairs":4,"projectvibrantjourneys:light_brown_bark_mushroom":12,"minecraft:dark_oak_slab":2,"securitycraft:mine":11,"minecraft:cooked_porkchop":8,"securitycraft:dirt_mine":12,"minecraft:gravel":1,"minecraft:dandelion":2,"immersive_weathering:charred_stairs":2,"minecraft:jungle_planks":9,"ecologics:coconut_husk":1,"minecraft:spruce_sapling":2,"minecraft:jungle_slab":1,"minecraft:white_bed":3,"minecraft:spruce_log":1,"immersive_weathering:charred_slab":2,"minecraft:chiseled_sandstone":1,"minecraft:spider_eye":1,"biomesoplenty:flowering_oak_sapling":1,"minecraft:slime_ball":1,"immersive_weathering:earthen_clay":6,"minecraft:diamond":167,"minecraft:iron_helmet":3,"minecraft:diamond_axe":3,"minecraft:emerald":161,"minecraft:bread":52,"minecraft:baked_potato":13,"projectvibrantjourneys:orange_bark_mushroom":8,"minecraft:oak_sapling":37,"minecraft:black_wool":2,"minecraft:coal":66},"minecraft:killed_by":{"minecraft:stray":2,"minecraft:creeper":1,"minecraft:pillager":5,"minecraft:vindicator":8,"minecraft:skeleton":4,"minecraft:zombie":5},"minecraft:dropped":{"minecraft:bread":9,"minecraft:wheat_seeds":232,"minecraft:cooked_beef":1,"minecraft:oak_log":98,"minecraft:diamond":11,"minecraft:leather":5,"minecraft:golden_apple":3,"minecraft:dirt":3,"minecraft:oxeye_daisy":2,"minecraft:gray_concrete":1,"minecraft:milk_bucket":1,"minecraft:stone_button":1,"tombstone:grave_key":2,"immersive_weathering:spruce_bark":1,"minecraft:polished_blackstone_brick_slab":1,"minecraft:white_banner":8,"minecraft:polished_blackstone_bricks":1,"minecraft:string":5,"minecraft:dandelion":1,"minecraft:note_block":1,"minecraft:stone_sword":1,"minecraft:golden_chestplate":1,"minecraft:wheat":2,"minecraft:birch_sapling":1,"minecraft:rotten_flesh":6,"projectvibrantjourneys:light_brown_bark_mushroom":1,"minecraft:hay_block":2,"biomesoplenty:fir_planks":64,"minecraft:iron_chestplate":1,"minecraft:oak_sapling":3,"minecraft:leather_leggings":1,"minecraft:stone_bricks":1,"minecraft:spruce_slab":2,"minecraft:bow":1,"minecraft:quartz":23},"minecraft:used":{"minecraft:flint_and_steel":45,"immersive_weathering:charred_planks":1,"minecraft:ladder":1,"minecraft:chest":3,"minecraft:spruce_planks":27,"minecraft:shield":5,"minecraft:iron_sword":64,"minecraft:cooked_chicken":1,"minecraft:rotten_flesh":4,"minecraft:dirt":58,"farmersdelight:flint_knife":1,"minecraft:jungle_planks":1,"minecraft:allium":1,"minecraft:diamond_helmet":1,"minecraft:obsidian":2,"minecraft:wooden_axe":38,"minecraft:dark_oak_planks":27,"minecraft:lantern":1,"minecraft:iron_axe":149,"minecraft:iron_boots":1,"minecraft:diamond_chestplate":3,"minecraft:bow":21,"minecraft:hay_block":1,"securitycraft:dirt_mine":4,"minecraft:furnace":4,"tombstone:gift":1,"minecraft:cooked_beef":11,"minecraft:acacia_planks":2,"minecraft:iron_leggings":1,"minecraft:cooked_mutton":11,"minecraft:water_bucket":16,"supplementaries:sign_post_oak":1,"minecraft:birch_planks":1,"minecraft:oak_planks":65,"minecraft:leather_chestplate":1,"minecraft:wooden_pickaxe":37,"minecraft:sandstone":9,"minecraft:chainmail_helmet":1,"biomesoplenty:fir_planks":68,"minecraft:diamond_axe":140,"minecraft:green_bed":2,"minecraft:golden_apple":1,"minecraft:sand":2,"minecraft:crafting_table":13,"minecraft:white_bed":3,"minecraft:diamond_pickaxe":46,"minecraft:apple":4,"minecraft:bread":36,"minecraft:melon_slice":47,"minecraft:iron_pickaxe":1,"securitycraft:mine":17,"ecologics:coconut_slice":1,"minecraft:diamond_sword":466,"minecraft:wooden_sword":8,"minecraft:cobblestone":5,"minecraft:cooked_porkchop":1,"minecraft:bucket":16,"minecraft:dandelion":1,"biomesoplenty:fir_log":20,"minecraft:experience_bottle":2},"minecraft:custom":{"minecraft:mob_kills":96,"minecraft:interact_with_crafting_table":46,"minecraft:open_barrel":41,"minecraft:damage_dealt_resisted":642,"minecraft:leave_game":3,"minecraft:time_since_death":55266,"minecraft:climb_one_cm":24035,"minecraft:damage_resisted":330,"minecraft:sprint_one_cm":755209,"minecraft:walk_one_cm":803370,"minecraft:damage_blocked_by_shield":375,"minecraft:drop":60,"minecraft:play_noteblock":1,"minecraft:play_time":281592,"minecraft:deaths":30,"minecraft:sneak_time":6118,"minecraft:walk_under_water_one_cm":31023,"minecraft:jump":5677,"minecraft:walk_on_water_one_cm":49637,"minecraft:total_world_time":281592,"minecraft:interact_with_furnace":42,"tombstone:raider_killed":16,"minecraft:sleep_in_bed":6,"minecraft:time_since_rest":53224,"minecraft:damage_taken":13189,"minecraft:damage_absorbed":40,"minecraft:damage_dealt":15683,"minecraft:fly_one_cm":1213596,"minecraft:swim_one_cm":156809,"minecraft:player_kills":2,"minecraft:open_chest":140,"minecraft:crouch_one_cm":13406,"tombstone:undead_killed":10,"minecraft:fall_one_cm":160012,"minecraft:inspect_dispenser":2},"minecraft:killed":{"minecraft:spider":4,"minecraft:vindicator":16,"naturalist:duck":1,"minecraft:phantom":3,"naturalist:snail":1,"minecraft:skeleton":20,"minecraft:drowned":3,"minecraft:husk":1,"minecraft:pig":4,"minecraft:creeper":1,"minecraft:sheep":7,"minecraft:pillager":2,"minecraft:zombie":23,"minecraft:villager":1,"minecraft:cow":4},"minecraft:mined":{"minecraft:dark_oak_planks":7,"securitycraft:mine":5,"minecraft:spruce_planks":55,"minecraft:stone_pressure_plate":1,"minecraft:white_bed":2,"minecraft:oak_sapling":1,"minecraft:jungle_slab":1,"minecraft:ladder":2,"minecraft:purple_terracotta":4,"minecraft:grass_block":8,"minecraft:jungle_planks":9,"minecraft:sandstone":9,"minecraft:spawner":5,"minecraft:hay_block":10,"immersive_weathering:biomesoplenty/fir_leaf_pile":1,"minecraft:furnace":1,"minecraft:carrots":2,"minecraft:fire":86,"minecraft:chiseled_sandstone":1,"treechop:chopped_log":14,"minecraft:dark_oak_stairs":2,"minecraft:gold_block":8,"minecraft:potatoes":1,"minecraft:spruce_wood":1,"projectvibrantjourneys:seashells":1,"minecraft:stone":37,"minecraft:spruce_slab":10,"minecraft:green_bed":5,"projectvibrantjourneys:cattail":2,"minecraft:cut_sandstone":1,"minecraft:crafting_table":5,"minecraft:note_block":1,"minecraft:jungle_stairs":2,"projectvibrantjourneys:twigs":2,"biomesoplenty:fir_planks":7,"minecraft:melon":4,"minecraft:chest":1,"projectvibrantjourneys:natural_cobweb":1,"minecraft:tall_grass":7,"minecraft:oak_planks":15,"minecraft:spruce_stairs":2,"minecraft:birch_planks":3,"minecraft:wheat":228,"biomesoplenty:fir_log":6,"securitycraft:dirt_mine":1,"minecraft:grass":28,"minecraft:coal_ore":1,"minecraft:oak_log":1,"projectvibrantjourneys:short_grass":13,"minecraft:gravel":1,"minecraft:dirt":27,"minecraft:crimson_planks":16,"minecraft:lodestone":1,"minecraft:tripwire_hook":3,"minecraft:acacia_planks":1,"projectvibrantjourneys:oak_hollow_log":1,"minecraft:fern":1}},"DataVersion":3465}