{"stats":{"minecraft:mined":{"minecraft:dark_oak_planks":7,"minecraft:spruce_planks":5,"minecraft:crafting_table":2,"projectvibrantjourneys:twigs":2,"minecraft:grass_block":5,"minecraft:spawner":3,"minecraft:birch_planks":3,"immersive_weathering:biomesoplenty/fir_leaf_pile":1,"minecraft:fire":8,"treechop:chopped_log":3,"biomesoplenty:fir_log":2,"minecraft:dark_oak_stairs":2,"minecraft:dirt":13,"minecraft:acacia_planks":1,"projectvibrantjourneys:seashells":1,"minecraft:green_bed":5},"minecraft:killed":{"minecraft:vindicator":3,"minecraft:zombie":1},"minecraft:killed_by":{"minecraft:vindicator":7,"minecraft:zombie":3,"minecraft:pillager":5},"minecraft:crafted":{"minecraft:oak_planks":28,"minecraft:diamond_sword":2,"minecraft:diamond_axe":1,"minecraft:crafting_table":2,"minecraft:wooden_pickaxe":1,"biomesoplenty:fir_planks":44,"minecraft:stick":4,"minecraft:wooden_axe":2,"minecraft:dark_oak_planks":16},"minecraft:used":{"minecraft:flint_and_steel":8,"immersive_weathering:charred_planks":1,"minecraft:birch_planks":1,"minecraft:spruce_planks":6,"minecraft:wooden_pickaxe":9,"minecraft:diamond_axe":7,"minecraft:green_bed":2,"minecraft:rotten_flesh":2,"minecraft:dirt":12,"minecraft:crafting_table":3,"minecraft:dark_oak_planks":27,"minecraft:wooden_axe":38,"minecraft:iron_pickaxe":1,"minecraft:diamond_chestplate":3,"ecologics:coconut_slice":1,"minecraft:diamond_sword":30,"biomesoplenty:fir_log":12,"minecraft:acacia_planks":2},"minecraft:custom":{"minecraft:mob_kills":6,"minecraft:interact_with_crafting_table":6,"minecraft:open_barrel":22,"minecraft:leave_game":1,"minecraft:time_since_death":7503,"minecraft:sleep_in_bed":2,"minecraft:climb_one_cm":3802,"minecraft:time_since_rest":2109,"minecraft:sprint_one_cm":109567,"minecraft:damage_taken":4764,"minecraft:walk_one_cm":133072,"minecraft:damage_dealt":1231,"minecraft:swim_one_cm":49908,"minecraft:fly_one_cm":114268,"minecraft:player_kills":1,"minecraft:open_chest":29,"minecraft:crouch_one_cm":489,"minecraft:play_time":49409,"minecraft:deaths":15,"minecraft:sneak_time":564,"minecraft:walk_under_water_one_cm":10476,"minecraft:jump":663,"minecraft:walk_on_water_one_cm":22758,"minecraft:total_world_time":49409,"minecraft:fall_one_cm":15117},"minecraft:picked_up":{"minecraft:wooden_axe":6,"minecraft:crafting_table":2,"minecraft:tripwire_hook":3,"minecraft:leather":1,"minecraft:wooden_pickaxe":2,"minecraft:diamond_sword":3,"biomesoplenty:fir_sapling":8,"minecraft:birch_planks":9,"biomesoplenty:fir_log":92,"minecraft:flint":12,"minecraft:oak_log":21,"minecraft:shield":3,"minecraft:gunpowder":42,"immersive_weathering:charred_planks":1,"minecraft:dirt":18,"minecraft:flint_and_steel":5,"minecraft:acacia_planks":3,"minecraft:gold_nugget":16,"minecraft:spruce_planks":8,"minecraft:iron_ingot":22,"minecraft:iron_pickaxe":1,"minecraft:diamond_helmet":4,"minecraft:iron_sword":2,"immersive_weathering:tallow":9,"minecraft:dark_oak_stairs":4,"minecraft:stick":29,"minecraft:dark_oak_slab":2,"ecologics:coconut_slice":1,"projectvibrantjourneys:bark_mushroom":1,"minecraft:green_bed":18,"immersive_weathering:charred_stairs":1,"minecraft:porkchop":7,"ecologics:coconut_husk":1,"minecraft:spruce_sapling":2,"immersive_weathering:charred_slab":1,"minecraft:dark_oak_planks":49,"minecraft:rotten_flesh":15,"minecraft:arrow":1,"minecraft:diamond_chestplate":4,"minecraft:diamond":116,"minecraft:diamond_boots":1,"minecraft:stripped_dark_oak_wood":1,"minecraft:emerald":150,"supplementaries:ash":26,"minecraft:oak_sapling":2,"minecraft:skeleton_skull":7}},"DataVersion":3465}